Workbook

Sheet PPWP
C8: Kecamatan | D8: BANYUWANGI
C9: Kabupaten | D9: BANYUWANGI
C10: Provinsi | D10: JAWA TIMUR
A12: I | B12: DATA PEMILIH DAN PENGGUNAAN HAK PILIH | E12: JUMLAH AKHIR
A13: A | B13: DATA PEMILIH
B14: Jumlah Pemilih dalam Daftar Pemilih Tetap (DPT) | D14: LK | E14: =KAMPUNGMANDAR!P14+KAMPUNGMELAYU!M14+KARANGREJO!AI14+KEBALENAN!AH14+KEPATIHAN!S14+KERTOSARI!AB14+LATENG!AD14+PAKIS!T14+PANDEREJO!R14+PENGANJURAN!T14+PENGANTIGAN!X14+SINGONEGARAN!U14+SINGOTRUNAN!AE14+SOBO!AB14+SUMBERREJO!U14+TAMANBARU!Z14+TEMENGGUNGAN!L14+TUKANGKAYU!AD14 -> 43113
D15: PR | E15: =KAMPUNGMANDAR!P15+KAMPUNGMELAYU!M15+KARANGREJO!AI15+KEBALENAN!AH15+KEPATIHAN!S15+KERTOSARI!AB15+LATENG!AD15+PAKIS!T15+PANDEREJO!R15+PENGANJURAN!T15+PENGANTIGAN!X15+SINGONEGARAN!U15+SINGOTRUNAN!AE15+SOBO!AB15+SUMBERREJO!U15+TAMANBARU!Z15+TEMENGGUNGAN!L15+TUKANGKAYU!AD15 -> 45913
D16: JML | E16: =SUM(E14:E15) -> 89026
A18: B | B18: PENGGUNA HAK PILIH
B19: 1. | C19: Jumlah pengguna hak pilih dalam Daftar Pemilih Tetap (DPT) | D19: LK | E19: =KAMPUNGMANDAR!P19+KAMPUNGMELAYU!M19+KARANGREJO!AI19+KEBALENAN!AH19+KEPATIHAN!S19+KERTOSARI!AB19+LATENG!AD19+PAKIS!T19+PANDEREJO!R19+PENGANJURAN!T19+PENGANTIGAN!X19+SINGONEGARAN!U19+SINGOTRUNAN!AE19+SOBO!AB19+SUMBERREJO!U19+TAMANBARU!Z19+TEMENGGUNGAN!L19+TUKANGKAYU!AD19 -> 31083
D20: PR | E20: =KAMPUNGMANDAR!P20+KAMPUNGMELAYU!M20+KARANGREJO!AI20+KEBALENAN!AH20+KEPATIHAN!S20+KERTOSARI!AB20+LATENG!AD20+PAKIS!T20+PANDEREJO!R20+PENGANJURAN!T20+PENGANTIGAN!X20+SINGONEGARAN!U20+SINGOTRUNAN!AE20+SOBO!AB20+SUMBERREJO!U20+TAMANBARU!Z20+TEMENGGUNGAN!L20+TUKANGKAYU!AD20 -> 36199
D21: JML | E21: =SUM(E19:E20) -> 67282
B22: 2. | C22: Jumlah pengguna hak pilih dalam Daftar Pemilih Tambahan (DPTb) | D22: LK | E22: =KAMPUNGMANDAR!P22+KAMPUNGMELAYU!M22+KARANGREJO!AI22+KEBALENAN!AH22+KEPATIHAN!S22+KERTOSARI!AB22+LATENG!AD22+PAKIS!T22+PANDEREJO!R22+PENGANJURAN!T22+PENGANTIGAN!X22+SINGONEGARAN!U22+SINGOTRUNAN!AE22+SOBO!AB22+SUMBERREJO!U22+TAMANBARU!Z22+TEMENGGUNGAN!L22+TUKANGKAYU!AD22 -> 222
D23: PR | E23: =KAMPUNGMANDAR!P23+KAMPUNGMELAYU!M23+KARANGREJO!AI23+KEBALENAN!AH23+KEPATIHAN!S23+KERTOSARI!AB23+LATENG!AD23+PAKIS!T23+PANDEREJO!R23+PENGANJURAN!T23+PENGANTIGAN!X23+SINGONEGARAN!U23+SINGOTRUNAN!AE23+SOBO!AB23+SUMBERREJO!U23+TAMANBARU!Z23+TEMENGGUNGAN!L23+TUKANGKAYU!AD23 -> 233
D24: JML | E24: =SUM(E22:E23) -> 455
B25: 3. | C25: Jumlah pengguna hak pilih dalam Daftar Pemilih Khusus (DPK) | D25: LK | E25: =KAMPUNGMANDAR!P25+KAMPUNGMELAYU!M25+KARANGREJO!AI25+KEBALENAN!AH25+KEPATIHAN!S25+KERTOSARI!AB25+LATENG!AD25+PAKIS!T25+PANDEREJO!R25+PENGANJURAN!T25+PENGANTIGAN!X25+SINGONEGARAN!U25+SINGOTRUNAN!AE25+SOBO!AB25+SUMBERREJO!U25+TAMANBARU!Z25+TEMENGGUNGAN!L25+TUKANGKAYU!AD25 -> 548
D26: PR | E26: =KAMPUNGMANDAR!P26+KAMPUNGMELAYU!M26+KARANGREJO!AI26+KEBALENAN!AH26+KEPATIHAN!S26+KERTOSARI!AB26+LATENG!AD26+PAKIS!T26+PANDEREJO!R26+PENGANJURAN!T26+PENGANTIGAN!X26+SINGONEGARAN!U26+SINGOTRUNAN!AE26+SOBO!AB26+SUMBERREJO!U26+TAMANBARU!Z26+TEMENGGUNGAN!L26+TUKANGKAYU!AD26 -> 712
D27: JML | E27: =SUM(E25:E26) -> 1260
B28: 4. | C28: Jumlah Pengguna Hak Pilih (B.1+B.2+B.3) | D28: LK | E28: =E19+E22+E25 -> 31853
D29: PR | E29: =E20+E23+E26 -> 37144
D30: JML | E30: =SUM(E28:E29) -> 68997
A32: II | B32: DATA PENGGUNAAN SURAT SUARA
A33: 1 | B33: Jumlah surat suara yang diterima, termasuk surat suara cadangan 2,5% dari DPT | E33: =KAMPUNGMANDAR!P33+KAMPUNGMELAYU!M33+KARANGREJO!AI33+KEBALENAN!AH33+KEPATIHAN!S33+KERTOSARI!AB33+LATENG!AD33+PAKIS!T33+PANDEREJO!R33+PENGANJURAN!T33+PENGANTIGAN!X33+SINGONEGARAN!U33+SINGOTRUNAN!AE33+SOBO!AB33+SUMBERREJO!U33+TAMANBARU!Z33+TEMENGGUNGAN!L33+TUKANGKAYU!AD33 -> 90826
A34: 2 | B34: Jumlah surat suara yang digunakan | E34: =KAMPUNGMANDAR!P34+KAMPUNGMELAYU!M34+KARANGREJO!AI34+KEBALENAN!AH34+KEPATIHAN!S34+KERTOSARI!AB34+LATENG!AD34+PAKIS!T34+PANDEREJO!R34+PENGANJURAN!T34+PENGANTIGAN!X34+SINGONEGARAN!U34+SINGOTRUNAN!AE34+SOBO!AB34+SUMBERREJO!U34+TAMANBARU!Z34+TEMENGGUNGAN!L34+TUKANGKAYU!AD34 -> 68997
A35: 3 | B35: Jumlah surat suara dikembalikan oleh pemilih (karena rusak atau keliru coblos) | E35: =KAMPUNGMANDAR!P35+KAMPUNGMELAYU!M35+KARANGREJO!AI35+KEBALENAN!AH35+KEPATIHAN!S35+KERTOSARI!AB35+LATENG!AD35+PAKIS!T35+PANDEREJO!R35+PENGANJURAN!T35+PENGANTIGAN!X35+SINGONEGARAN!U35+SINGOTRUNAN!AE35+SOBO!AB35+SUMBERREJO!U35+TAMANBARU!Z35+TEMENGGUNGAN!L35+TUKANGKAYU!AD35 -> 129
A36: 4 | B36: Jumlah surat suara yang tidak digunakan/tidak terpakai, termasuk sisa surat suara cadangan | E36: =E33-(E34+E35) -> 21700
A38: III | B38: DATA PEMILIH DISABILITAS
B39: Jumlah seluruh Pemilih disabilitas yang menggunakan hak pilih | D39: LK | E39: =KAMPUNGMANDAR!P39+KAMPUNGMELAYU!M39+KARANGREJO!AI39+KEBALENAN!AH39+KEPATIHAN!S39+KERTOSARI!AB39+LATENG!AD39+PAKIS!T39+PANDEREJO!R39+PENGANJURAN!T39+PENGANTIGAN!X39+SINGONEGARAN!U39+SINGOTRUNAN!AE39+SOBO!AB39+SUMBERREJO!U39+TAMANBARU!Z39+TEMENGGUNGAN!L39+TUKANGKAYU!AD39 -> 90
D40: PR | E40: =KAMPUNGMANDAR!P40+KAMPUNGMELAYU!M40+KARANGREJO!AI40+KEBALENAN!AH40+KEPATIHAN!S40+KERTOSARI!AB40+LATENG!AD40+PAKIS!T40+PANDEREJO!R40+PENGANJURAN!T40+PENGANTIGAN!X40+SINGONEGARAN!U40+SINGOTRUNAN!AE40+SOBO!AB40+SUMBERREJO!U40+TAMANBARU!Z40+TEMENGGUNGAN!L40+TUKANGKAYU!AD40 -> 78
D41: JML | E41: =SUM(E39:E40) -> 168
A43: IV | B43: DATA RINCIAN PEROLEHAN SUARA PASANGAN CALON BUPATI DAN WAKIL BUPATI
A44: NOMOR DAN NAMA CALON
B45: 1 | C45: H. ANIES RASYID BASWEDAN, Ph.D. - Dr. (H.C.) H. A. MUHAIMIN ISKANDAR | E45: =KAMPUNGMANDAR!P45+KAMPUNGMELAYU!M45+KARANGREJO!AI45+KEBALENAN!AH45+KEPATIHAN!S45+KERTOSARI!AB45+LATENG!AD45+PAKIS!T45+PANDEREJO!R45+PENGANJURAN!T45+PENGANTIGAN!X45+SINGONEGARAN!U45+SINGOTRUNAN!AE45+SOBO!AB45+SUMBERREJO!U45+TAMANBARU!Z45+TEMENGGUNGAN!L45+TUKANGKAYU!AD45 -> 13257
B46: 2 | C46: H. PRABOWO SUBIANTO - GIBRAN RAKABUMING RAKA | E46: =KAMPUNGMANDAR!P46+KAMPUNGMELAYU!M46+KARANGREJO!AI46+KEBALENAN!AH46+KEPATIHAN!S46+KERTOSARI!AB46+LATENG!AD46+PAKIS!T46+PANDEREJO!R46+PENGANJURAN!T46+PENGANTIGAN!X46+SINGONEGARAN!U46+SINGOTRUNAN!AE46+SOBO!AB46+SUMBERREJO!U46+TAMANBARU!Z46+TEMENGGUNGAN!L46+TUKANGKAYU!AD46 -> 43176
B47: 3 | C47: H. GANJAR PRANOWO, S.H., M.I.P. - Prof. Dr. H. M. MAHFUD MD | E47: =KAMPUNGMANDAR!P47+KAMPUNGMELAYU!M47+KARANGREJO!AI47+KEBALENAN!AH47+KEPATIHAN!S47+KERTOSARI!AB47+LATENG!AD47+PAKIS!T47+PANDEREJO!R47+PENGANJURAN!T47+PENGANTIGAN!X47+SINGONEGARAN!U47+SINGOTRUNAN!AE47+SOBO!AB47+SUMBERREJO!U47+TAMANBARU!Z47+TEMENGGUNGAN!L47+TUKANGKAYU!AD47 -> 11151
A49: V | B49: DATA SUARA SAH DAN TIDAK SAH
B50: A. | C50: JUMLAH SELURUH SUARA SAH | E50: =KAMPUNGMANDAR!P50+KAMPUNGMELAYU!M50+KARANGREJO!AI50+KEBALENAN!AH50+KEPATIHAN!S50+KERTOSARI!AB50+LATENG!AD50+PAKIS!T50+PANDEREJO!R50+PENGANJURAN!T50+PENGANTIGAN!X50+SINGONEGARAN!U50+SINGOTRUNAN!AE50+SOBO!AB50+SUMBERREJO!U50+TAMANBARU!Z50+TEMENGGUNGAN!L50+TUKANGKAYU!AD50 -> 67584
B51: B. | C51: JUMLAH SUARA TIDAK SAH | E51: =KAMPUNGMANDAR!P51+KAMPUNGMELAYU!M51+KARANGREJO!AI51+KEBALENAN!AH51+KEPATIHAN!S51+KERTOSARI!AB51+LATENG!AD51+PAKIS!T51+PANDEREJO!R51+PENGANJURAN!T51+PENGANTIGAN!X51+SINGONEGARAN!U51+SINGOTRUNAN!AE51+SOBO!AB51+SUMBERREJO!U51+TAMANBARU!Z51+TEMENGGUNGAN!L51+TUKANGKAYU!AD51 -> 1413
B52: C. | C52: JUMLAH SELURUH SUARA SAH DAN SUARA TIDAK SAH (V.A + V.B) | E52: =SUM(E50:E51) -> 68997

Sheet KAMPUNGMANDAR
C2: Kecamatan | D2: BANYUWANGI
C3: Kabupaten | D3: BANYUWANGI
C4: Provinsi | D4: JAWA TIMUR
C9: Kelurahan | D9: KAMPUNGMANDAR
A12: I | B12: DATA PEMILIH DAN PENGGUNAAN HAK PILIH | P12: JUMLAH AKHIR
A13: A | B13: DATA PEMILIH | E13: TPS 001 | F13: TPS 002 | G13: TPS 003 | H13: TPS 004 | I13: TPS 005 | J13: TPS 006 | K13: TPS 007 | L13: TPS 008 | M13: TPS 009 | N13: TPS 010 | O13: TPS 011
B14: Jumlah Pemilih dalam Daftar Pemilih Tetap (DPT) | D14: LK | E14: 136 | F14: 117 | G14: 134 | H14: 137 | I14: 136 | J14: 103 | K14: 131 | L14: 126 | M14: 100 | N14: 130 | O14: 146 | P14: =SUM(E14:O14) -> 1396
D15: PR | E15: 136 | F15: 131 | G15: 135 | H15: 131 | I15: 142 | J15: 98 | K15: 148 | L15: 98 | M15: 122 | N15: 151 | O15: 142 | P15: =SUM(E15:O15) -> 1434
D16: JML | E16: =SUM(E14:E15) -> 272 | F16: =SUM(F14:F15) -> 248 | G16: =SUM(G14:G15) -> 269 | H16: =SUM(H14:H15) -> 268 | I16: =SUM(I14:I15) -> 278 | J16: =SUM(J14:J15) -> 201 | K16: =SUM(K14:K15) -> 279 | L16: =SUM(L14:L15) -> 224 | ... O16: =SUM(O14:O15) -> 288 | P16: =SUM(E16:O16) -> 2830
A18: B | B18: PENGGUNA HAK PILIH
B19: 1. | C19: Jumlah pengguna hak pilih dalam Daftar Pemilih Tetap (DPT) | D19: LK | E19: 82 | F19: 79 | G19: 87 | H19: 101 | I19: 98 | J19: 86 | K19: 99 | L19: 93 | M19: 76 | N19: 88 | O19: 106 | P19: =SUM(E19:O19) -> 995
D20: PR | E20: 90 | F20: 102 | G20: 111 | H20: 102 | I20: 105 | J20: 85 | K20: 122 | L20: 80 | M20: 95 | N20: 122 | O20: 114 | P20: =SUM(E20:O20) -> 1128
D21: JML | E21: =SUM(E19:E20) -> 172 | F21: =SUM(F19:F20) -> 181 | G21: =SUM(G19:G20) -> 198 | H21: =SUM(H19:H20) -> 203 | I21: =SUM(I19:I20) -> 203 | J21: =SUM(J19:J20) -> 171 | K21: =SUM(K19:K20) -> 221 | L21: =SUM(L19:L20) -> 173 | ... O21: =SUM(O19:O20) -> 220 | P21: =SUM(E21:O21) -> 2123
B22: 2. | C22: Jumlah pengguna hak pilih dalam Daftar Pemilih Tambahan (DPTb) | D22: LK | E22: 0 | F22: 0 | G22: 0 | H22: 1 | I22: 0 | J22: 0 | K22: 0 | L22: 0 | M22: 0 | N22: 0 | O22: 0 | P22: =SUM(E22:O22) -> 1
D23: PR | E23: 0 | F23: 0 | G23: 0 | H23: 1 | I23: 0 | J23: 0 | K23: 0 | L23: 0 | M23: 0 | N23: 0 | O23: 0 | P23: =SUM(E23:O23) -> 1
D24: JML | E24: =SUM(E22:E23) -> 0 | F24: =SUM(F22:F23) -> 0 | G24: =SUM(G22:G23) -> 0 | H24: =SUM(H22:H23) -> 2 | I24: =SUM(I22:I23) -> 0 | J24: =SUM(J22:J23) -> 0 | K24: =SUM(K22:K23) -> 0 | L24: =SUM(L22:L23) -> 0 | ... O24: =SUM(O22:O23) -> 0 | P24: =SUM(E24:O24) -> 2
B25: 3. | C25: Jumlah pengguna hak pilih dalam Daftar Pemilih Khusus (DPK) | D25: LK | E25: 3 | F25: 1 | G25: 2 | H25: 1 | I25: 3 | J25: 0 | K25: 2 | L25: 0 | M25: 6 | N25: 5 | O25: 6 | P25: =SUM(E25:O25) -> 29
D26: PR | E26: 1 | F26: 1 | G26: 2 | H26: 1 | I26: 4 | J26: 0 | K26: 1 | L26: 0 | M26: 3 | N26: 8 | O26: 2 | P26: =SUM(E26:O26) -> 23
D27: JML | E27: =SUM(E25:E26) -> 4 | F27: =SUM(F25:F26) -> 2 | G27: =SUM(G25:G26) -> 4 | H27: =SUM(H25:H26) -> 2 | I27: =SUM(I25:I26) -> 7 | J27: =SUM(J25:J26) -> 0 | K27: =SUM(K25:K26) -> 3 | L27: =SUM(L25:L26) -> 0 | ... O27: =SUM(O25:O26) -> 8 | P27: =SUM(E27:O27) -> 52
B28: 4. | C28: Jumlah Pengguna Hak Pilih (B.1+B.2+B.3) | D28: LK | E28: =SUM(E19,E22,E25) -> 85 | F28: =SUM(F19,F22,F25) -> 80 | G28: =SUM(G19,G22,G25) -> 89 | H28: =SUM(H19,H22,H25) -> 103 | I28: =SUM(I19,I22,I25) -> 101 | J28: =SUM(J19,J22,J25) -> 86 | K28: =SUM(K19,K22,K25) -> 101 | L28: =SUM(L19,L22,L25) -> 93 | ... O28: =SUM(O19,O22,O25) -> 112 | P28: =SUM(E28:O28) -> 1025
D29: PR | E29: =SUM(E20,E23,E26) -> 91 | F29: =SUM(F20,F23,F26) -> 103 | G29: =SUM(G20,G23,G26) -> 113 | H29: =SUM(H20,H23,H26) -> 104 | I29: =SUM(I20,I23,I26) -> 109 | J29: =SUM(J20,J23,J26) -> 85 | K29: =SUM(K20,K23,K26) -> 123 | L29: =SUM(L20,L23,L26) -> 80 | ... O29: =SUM(O20,O23,O26) -> 116 | P29: =SUM(E29:O29) -> 1152
D30: JML | E30: =SUM(E28:E29) -> 176 | F30: =SUM(F28:F29) -> 183 | G30: =SUM(G28:G29) -> 202 | H30: =SUM(H28:H29) -> 207 | I30: =SUM(I28:I29) -> 210 | J30: =SUM(J28:J29) -> 171 | K30: =SUM(K28:K29) -> 224 | L30: =SUM(L28:L29) -> 173 | ... O30: =SUM(O28:O29) -> 228 | P30: =SUM(E30:O30) -> 2177
A32: II | B32: DATA PENGGUNAAN SURAT SUARA
A33: 1 | B33: Jumlah surat suara yang diterima, termasuk surat suara cadangan 2% dari DPT | E33: 278 | F33: 253 | G33: 275 | H33: 274 | I33: 284 | J33: 206 | K33: 285 | L33: 229 | M33: 223 | N33: 288 | O33: 294 | P33: =SUM(E33:O33) -> 2889
A34: 2 | B34: Jumlah surat suara yang digunakan | E34: 176 | F34: 183 | G34: 202 | H34: 207 | I34: 210 | J34: 171 | K34: 224 | L34: 173 | M34: 180 | N34: 223 | O34: 228 | P34: =SUM(E34:O34) -> 2177
A35: 3 | B35: Jumlah surat suara dikembalikan oleh pemilih (karena rusak atau keliru coblos) | E35: 1 | F35: 0 | G35: 2 | H35: 1 | I35: 1 | J35: 0 | K35: 0 | L35: 0 | M35: 0 | N35: 0 | O35: 0 | P35: =SUM(E35:O35) -> 5
A36: 4 | B36: Jumlah surat suara yang tidak digunakan/tidak terpakai, termasuk sisa surat suara cadangan | E36: =E33-(E34+E35) -> 101 | F36: =F33-(F34+F35) -> 70 | G36: =G33-(G34+G35) -> 71 | H36: =H33-(H34+H35) -> 66 | I36: =I33-(I34+I35) -> 73 | J36: =J33-(J34+J35) -> 35 | K36: =K33-(K34+K35) -> 61 | L36: =L33-(L34+L35) -> 56 | ... O36: =O33-(O34+O35) -> 66 | P36: =SUM(E36:O36) -> 707
A38: III | B38: DATA PEMILIH DISABILITAS
B39: Jumlah seluruh Pemilih disabilitas yang menggunakan hak pilih | D39: LK | K39: 1 | P39: =SUM(E39:O39) -> 1
D40: PR | E40: 1 | G40: 1 | K40: 1 | P40: =SUM(E40:O40) -> 3
D41: JML | E41: =SUM(E39:E40) -> 1 | F41: =SUM(F39:F40) -> 0 | G41: =SUM(G39:G40) -> 1 | H41: =SUM(H39:H40) -> 0 | I41: =SUM(I39:I40) -> 0 | J41: =SUM(J39:J40) -> 0 | K41: =SUM(K39:K40) -> 2 | L41: =SUM(L39:L40) -> 0 | ... O41: =SUM(O39:O40) -> 0 | P41: =SUM(E41:O41) -> 4
A43: IV | B43: DATA RINCIAN PEROLEHAN SUARA PASANGAN CALON BUPATI DAN WAKIL BUPATI
A44: NOMOR DAN NAMA CALON
B45: 1 | C45: H. ANIES RASYID BASWEDAN, Ph.D. - Dr. (H.C.) H. A. MUHAIMIN ISKANDAR | E45: 22 | F45: 46 | G45: 33 | H45: 22 | I45: 15 | J45: 17 | K45: 16 | L45: 39 | M45: 29 | N45: 24 | O45: 17 | P45: =SUM(E45:O45) -> 280
B46: 2 | C46: H. PRABOWO SUBIANTO - GIBRAN RAKABUMING RAKA | E46: 120 | F46: 107 | G46: 119 | H46: 111 | I46: 142 | J46: 110 | K46: 166 | L46: 94 | M46: 114 | N46: 163 | O46: 174 | P46: =SUM(E46:O46) -> 1420
B47: 3 | C47: H. GANJAR PRANOWO, S.H., M.I.P. - Prof. Dr. H. M. MAHFUD MD | E47: 30 | F47: 25 | G47: 44 | H47: 68 | I47: 49 | J47: 41 | K47: 40 | L47: 38 | M47: 36 | N47: 33 | O47: 34 | P47: =SUM(E47:O47) -> 438
A49: V | B49: DATA SUARA SAH DAN TIDAK SAH
B50: A. | C50: JUMLAH SELURUH SUARA SAH | E50: =SUM(E45:E47) -> 172 | F50: =SUM(F45:F47) -> 178 | G50: =SUM(G45:G47) -> 196 | H50: =SUM(H45:H47) -> 201 | I50: =SUM(I45:I47) -> 206 | J50: =SUM(J45:J47) -> 168 | K50: =SUM(K45:K47) -> 222 | L50: =SUM(L45:L47) -> 171 | ... O50: =SUM(O45:O47) -> 225 | P50: =SUM(E50:O50) -> 2138
B51: B. | C51: JUMLAH SUARA TIDAK SAH | E51: 4 | F51: 5 | G51: 6 | H51: 6 | I51: 4 | J51: 3 | K51: 2 | L51: 1 | M51: 2 | N51: 3 | O51: 3 | P51: =SUM(E51:O51) -> 39
B52: C. | C52: JUMLAH SELURUH SUARA SAH DAN SUARA TIDAK SAH (V.A + V.B) | E52: =SUM(E50:E51) -> 176 | F52: =SUM(F50:F51) -> 183 | G52: =SUM(G50:G51) -> 202 | H52: =SUM(H50:H51) -> 207 | I52: =SUM(I50:I51) -> 210 | J52: =SUM(J50:J51) -> 171 | K52: =SUM(K50:K51) -> 224 | L52: =SUM(L50:L51) -> 172 | ... O52: =SUM(O50:O51) -> 228 | P52: =SUM(E52:O52) -> 2177

Sheet KAMPUNGMELAYU
C2: Kecamatan | D2: BANYUWANGI
C3: Kabupaten | D3: BANYUWANGI
C4: Provinsi | D4: JAWA TIMUR
C9: Kelurahan | D9: KAMPUNGMELAYU
A12: I | B12: DATA PEMILIH DAN PENGGUNAAN HAK PILIH | M12: JUMLAH AKHIR
A13: A | B13: DATA PEMILIH | E13: TPS 001 | F13: TPS 002 | G13: TPS 003 | H13: TPS 004 | I13: TPS 005 | J13: TPS 006 | K13: TPS 007 | L13: TPS 008
B14: Jumlah Pemilih dalam Daftar Pemilih Tetap (DPT) | D14: LK | E14: 129 | F14: 143 | G14: 148 | H14: 139 | I14: 130 | J14: 128 | K14: 147 | L14: 119 | M14: =SUM(E14:L14) -> 1083
D15: PR | E15: 136 | F15: 151 | G15: 146 | H15: 151 | I15: 159 | J15: 136 | K15: 146 | L15: 130 | M15: =SUM(E15:L15) -> 1155
D16: JML | E16: =SUM(E14:E15) -> 265 | F16: =SUM(F14:F15) -> 294 | G16: =SUM(G14:G15) -> 294 | H16: =SUM(H14:H15) -> 290 | I16: =SUM(I14:I15) -> 289 | J16: =SUM(J14:J15) -> 264 | K16: =SUM(K14:K15) -> 293 | L16: =SUM(L14:L15) -> 249 | M16: =SUM(E16:L16) -> 2238
A18: B | B18: PENGGUNA HAK PILIH
B19: 1. | C19: Jumlah pengguna hak pilih dalam Daftar Pemilih Tetap (DPT) | D19: LK | E19: 85 | F19: 103 | G19: 108 | H19: 113 | I19: 100 | J19: 85 | K19: 98 | L19: 83 | M19: =SUM(E19:L19) -> 775
D20: PR | E20: 94 | F20: 122 | G20: 120 | H20: 126 | I20: 137 | J20: 102 | K20: 108 | L20: 105 | M20: =SUM(E20:L20) -> 914
D21: JML | E21: =SUM(E19:E20) -> 179 | F21: =SUM(F19:F20) -> 225 | G21: =SUM(G19:G20) -> 228 | H21: =SUM(H19:H20) -> 239 | I21: =SUM(I19:I20) -> 237 | J21: =SUM(J19:J20) -> 187 | K21: =SUM(K19:K20) -> 206 | L21: =SUM(L19:L20) -> 188 | M21: =SUM(E21:L21) -> 1689
B22: 2. | C22: Jumlah pengguna hak pilih dalam Daftar Pemilih Tambahan (DPTb) | D22: LK | E22: 0 | F22: 1 | G22: 0 | H22: 0 | I22: 0 | J22: 0 | K22: 0 | L22: 0 | M22: =SUM(E22:L22) -> 1
D23: PR | E23: 0 | F23: 0 | G23: 0 | H23: 0 | I23: 0 | J23: 0 | K23: 0 | L23: 0 | M23: =SUM(E23:L23) -> 0
D24: JML | E24: =SUM(E22:E23) -> 0 | F24: =SUM(F22:F23) -> 1 | G24: =SUM(G22:G23) -> 0 | H24: =SUM(H22:H23) -> 0 | I24: =SUM(I22:I23) -> 0 | J24: =SUM(J22:J23) -> 0 | K24: =SUM(K22:K23) -> 0 | L24: =SUM(L22:L23) -> 0 | M24: =SUM(E24:L24) -> 1
B25: 3. | C25: Jumlah pengguna hak pilih dalam Daftar Pemilih Khusus (DPK) | D25: LK | E25: 0 | F25: 0 | G25: 0 | H25: 2 | I25: 0 | J25: 0 | K25: 2 | L25: 0 | M25: =SUM(E25:L25) -> 4
D26: PR | E26: 1 | F26: 4 | H26: 1 | I26: 2 | J26: 1 | K26: 1 | L26: 2 | M26: =SUM(E26:L26) -> 12
D27: JML | E27: =SUM(E25:E26) -> 1 | F27: =SUM(F25:F26) -> 4 | G27: =SUM(G25:G26) -> 0 | H27: =SUM(H25:H26) -> 3 | I27: =SUM(I25:I26) -> 2 | J27: =SUM(J25:J26) -> 1 | K27: =SUM(K25:K26) -> 3 | L27: =SUM(L25:L26) -> 2 | M27: =SUM(E27:L27) -> 16
B28: 4. | C28: Jumlah Pengguna Hak Pilih (B.1+B.2+B.3) | D28: LK | E28: =SUM(E19,E22,E25) -> 85 | F28: =SUM(F19,F22,F25) -> 104 | G28: =SUM(G19,G22,G25) -> 108 | H28: =SUM(H19,H22,H25) -> 115 | I28: =SUM(I19,I22,I25) -> 100 | J28: =SUM(J19,J22,J25) -> 85 | K28: =SUM(K19,K22,K25) -> 100 | L28: =SUM(L19,L22,L25) -> 83 | M28: =SUM(E28:L28) -> 780
D29: PR | E29: =SUM(E20,E23,E26) -> 95 | F29: =SUM(F20,F23,F26) -> 126 | G29: =SUM(G20,G23,G26) -> 120 | H29: =SUM(H20,H23,H26) -> 127 | I29: =SUM(I20,I23,I26) -> 139 | J29: =SUM(J20,J23,J26) -> 103 | K29: =SUM(K20,K23,K26) -> 109 | L29: =SUM(L20,L23,L26) -> 107 | M29: =SUM(E29:L29) -> 926
D30: JML | E30: =SUM(E28:E29) -> 180 | F30: =SUM(F28:F29) -> 230 | G30: =SUM(G28:G29) -> 228 | H30: =SUM(H28:H29) -> 242 | I30: =SUM(I28:I29) -> 239 | J30: =SUM(J28:J29) -> 188 | K30: =SUM(K28:K29) -> 209 | L30: =SUM(L28:L29) -> 190 | M30: =SUM(E30:L30) -> 1706
A32: II | B32: DATA PENGGUNAAN SURAT SUARA
A33: 1 | B33: Jumlah surat suara yang diterima, termasuk surat suara cadangan 2,5% dari DPT | E33: 271 | F33: 300 | G33: 300 | H33: 296 | I33: 296 | J33: 285 | K33: 300 | L33: 255 | M33: =SUM(E33:L33) -> 2303
A34: 2 | B34: Jumlah surat suara yang digunakan | E34: 180 | F34: 230 | G34: 228 | H34: 242 | I34: 239 | J34: 188 | K34: 209 | L34: 190 | M34: =SUM(E34:L34) -> 1706
A35: 3 | B35: Jumlah surat suara dikembalikan oleh pemilih (karena rusak atau keliru coblos) | E35: 0 | F35: 0 | G35: 0 | H35: 1 | I35: 0 | J35: 1 | K35: 1 | L35: 0 | M35: =SUM(E35:L35) -> 3
A36: 4 | B36: Jumlah surat suara yang tidak digunakan/tidak terpakai, termasuk sisa surat suara cadangan | E36: =E33-(E34+E35) -> 91 | F36: =F33-(F34+F35) -> 70 | G36: =G33-(G34+G35) -> 72 | H36: =H33-(H34+H35) -> 53 | I36: =I33-(I34+I35) -> 57 | J36: =J33-(J34+J35) -> 96 | K36: =K33-(K34+K35) -> 90 | L36: =L33-(L34+L35) -> 65 | M36: =SUM(E36:L36) -> 594
A38: III | B38: DATA PEMILIH DISABILITAS
B39: Jumlah seluruh Pemilih disabilitas yang menggunakan hak pilih | D39: LK | E39: 1 | G39: 1 | H39: 1 | I39: 1 | K39: 3 | L39: 1 | M39: =SUM(E39:L39) -> 8
D40: PR | E40: 2 | K40: 1 | M40: =SUM(E40:L40) -> 3
D41: JML | E41: =SUM(E39:E40) -> 3 | F41: =SUM(F39:F40) -> 0 | G41: =SUM(G39:G40) -> 1 | H41: =SUM(H39:H40) -> 1 | I41: =SUM(I39:I40) -> 1 | J41: =SUM(J39:J40) -> 0 | K41: =SUM(K39:K40) -> 4 | L41: =SUM(L39:L40) -> 1 | M41: =SUM(E41:L41) -> 11
A43: IV | B43: DATA RINCIAN PEROLEHAN SUARA PASANGAN CALON BUPATI DAN WAKIL BUPATI
A44: NOMOR DAN NAMA CALON
B45: 1 | C45: H. ANIES RASYID BASWEDAN, Ph.D. - Dr. (H.C.) H. A. MUHAIMIN ISKANDAR | E45: 35 | F45: 21 | G45: 26 | H45: 26 | I45: 32 | J45: 11 | K45: 32 | L45: 22 | M45: =SUM(E45:L45) -> 205
B46: 2 | C46: H. PRABOWO SUBIANTO - GIBRAN RAKABUMING RAKA | E46: 105 | F46: 160 | G46: 167 | H46: 151 | I46: 157 | J46: 106 | K46: 141 | L46: 121 | M46: =SUM(E46:L46) -> 1108
B47: 3 | C47: H. GANJAR PRANOWO, S.H., M.I.P. - Prof. Dr. H. M. MAHFUD MD | E47: 36 | F47: 45 | G47: 30 | H47: 60 | I47: 45 | J47: 67 | K47: 32 | L47: 43 | M47: =SUM(E47:L47) -> 358
A49: V | B49: DATA SUARA SAH DAN TIDAK SAH
B50: A. | C50: JUMLAH SELURUH SUARA SAH | E50: =SUM(E45:E47) -> 176 | F50: =SUM(F45:F47) -> 226 | G50: =SUM(G45:G47) -> 223 | H50: =SUM(H45:H47) -> 237 | I50: =SUM(I45:I47) -> 234 | J50: =SUM(J45:J47) -> 184 | K50: =SUM(K45:K47) -> 205 | L50: =SUM(L45:L47) -> 186 | M50: =SUM(E50:L50) -> 1671
B51: B. | C51: JUMLAH SUARA TIDAK SAH | E51: 4 | F51: 4 | G51: 5 | H51: 5 | I51: 5 | J51: 4 | K51: 4 | L51: 4 | M51: =SUM(E51:L51) -> 35
B52: C. | C52: JUMLAH SELURUH SUARA SAH DAN SUARA TIDAK SAH (V.A + V.B) | E52: =SUM(E50:E51) -> 180 | F52: =SUM(F50:F51) -> 230 | G52: =SUM(G50:G51) -> 228 | H52: =SUM(H50:H51) -> 242 | I52: =SUM(I50:I51) -> 239 | J52: =SUM(J50:J51) -> 188 | K52: =SUM(K50:K51) -> 209 | L52: =SUM(L50:L51) -> 190 | M52: =SUM(E52:L52) -> 1706

Sheet KARANGREJO
C2: Kecamatan | D2: BANYUWANGI
C3: Kabupaten | D3: BANYUWANGI
C4: Provinsi | D4: JAWA TIMUR
C9: Kelurahan | D9: KARANGREJO
A12: I | B12: DATA PEMILIH DAN PENGGUNAAN HAK PILIH | AI12: JUMLAH AKHIR
A13: A | B13: DATA PEMILIH | E13: TPS 001 | F13: TPS 002 | G13: TPS 003 | H13: TPS 004 | I13: TPS 005 | J13: TPS 006 | K13: TPS 007 | L13: TPS 008 | M13: TPS 009 | N13: TPS 010 | O13: TPS 011 | P13: TPS 012 | Q13: TPS 013 | R13: TPS 014 | S13: TPS 015 | T13: TPS 016 | U13: TPS 017 | V13: TPS 018 | W13: TPS 019 | X13: TPS 020 | Y13: TPS 021 | Z13: TPS 022 | AA13: TPS 023 | AB13: TPS 024 | AC13: TPS 025 | AD13: TPS 026 | AE13: TPS 027 | AF13: TPS 028 | AG13: TPS 029 | AH13: TPS 030
B14: Jumlah Pemilih dalam Daftar Pemilih Tetap (DPT) | D14: LK | E14: 130 | F14: 93 | G14: 137 | H14: 140 | I14: 135 | J14: 140 | K14: 146 | L14: 133 | M14: 126 | N14: 142 | O14: 106 | P14: 141 | Q14: 132 | R14: 141 | S14: 144 | T14: 132 | U14: 128 | V14: 140 | W14: 122 | X14: 140 | Y14: 144 | Z14: 149 | AA14: 145 | AB14: 145 | AC14: 140 | AD14: 138 | AE14: 145 | AF14: 148 | AG14: 143 | AH14: 138 | AI14: =SUM(E14:AH14) -> 4083
D15: PR | E15: 124 | F15: 89 | G15: 151 | H15: 142 | I15: 143 | J15: 135 | K15: 150 | L15: 156 | M15: 149 | N15: 134 | O15: 120 | P15: 133 | Q15: 134 | R15: 135 | S15: 147 | T15: 137 | U15: 149 | V15: 141 | W15: 137 | X15: 133 | Y15: 146 | Z15: 141 | AA15: 145 | AB15: 144 | AC15: 148 | AD15: 152 | AE15: 145 | AF15: 140 | AG15: 147 | AH15: 152 | AI15: =SUM(E15:AH15) -> 4199
D16: JML | E16: =SUM(E14:E15) -> 254 | F16: =SUM(F14:F15) -> 182 | G16: =SUM(G14:G15) -> 288 | H16: =SUM(H14:H15) -> 282 | I16: =SUM(I14:I15) -> 278 | J16: =SUM(J14:J15) -> 275 | K16: =SUM(K14:K15) -> 296 | L16: =SUM(L14:L15) -> 289 | ... AH16: =SUM(AH14:AH15) -> 290 | AI16: =SUM(E16:AH16) -> 8282
A18: B | B18: PENGGUNA HAK PILIH
B19: 1. | C19: Jumlah pengguna hak pilih dalam Daftar Pemilih Tetap (DPT) | D19: LK | E19: 84 | F19: 65 | G19: 95 | H19: 94 | I19: 99 | J19: 96 | K19: 110 | L19: 84 | M19: 86 | N19: 96 | O19: 76 | P19: 96 | Q19: 99 | R19: 90 | S19: 103 | T19: 86 | U19: 92 | V19: 102 | W19: 86 | X19: 101 | Y19: 85 | Z19: 95 | AA19: 102 | AB19: 109 | AC19: 82 | AD19: 89 | AE19: 117 | AF19: 104 | AG19: 91 | AH19: 108 | AI19: =SUM(E19:AH19) -> 2822
D20: PR | E20: 94 | F20: 61 | G20: 112 | H20: 104 | I20: 111 | J20: 108 | K20: 121 | L20: 114 | M20: 105 | N20: 102 | O20: 95 | P20: 98 | Q20: 116 | R20: 108 | S20: 117 | T20: 99 | U20: 107 | V20: 110 | W20: 98 | X20: 101 | Y20: 104 | Z20: 107 | AA20: 104 | AB20: 111 | AC20: 100 | AD20: 116 | AE20: 120 | AF20: 101 | AG20: 121 | AH20: 112 | AI20: =SUM(E20:AH20) -> 3177
D21: JML | E21: =SUM(E19:E20) -> 178 | F21: =SUM(F19:F20) -> 126 | G21: =SUM(G19:G20) -> 207 | H21: =SUM(H19:H20) -> 198 | I21: =SUM(I19:I20) -> 210 | J21: =SUM(J19:J20) -> 204 | K21: =SUM(K19:K20) -> 231 | L21: =SUM(L19:L20) -> 198 | ... AH21: =SUM(AH19:AH20) -> 220 | AI21: =SUM(E21:AH21) -> 5999
B22: 2. | C22: Jumlah pengguna hak pilih dalam Daftar Pemilih Tambahan (DPTb) | D22: LK | E22: 0 | F22: 0 | G22: 0 | H22: 0 | I22: 0 | J22: 0 | K22: 0 | L22: 0 | M22: 1 | N22: 0 | O22: 0 | P22: 0 | Q22: 0 | R22: 0 | S22: 0 | T22: 0 | U22: 0 | V22: 0 | W22: 0 | X22: 0 | Y22: 0 | Z22: 0 | AA22: 0 | AB22: 0 | AC22: 1 | AD22: 0 | AE22: 0 | AF22: 0 | AG22: 0 | AH22: 0 | AI22: =SUM(E22:AH22) -> 2
D23: PR | E23: 0 | F23: 0 | G23: 0 | H23: 0 | I23: 0 | J23: 0 | K23: 0 | L23: 0 | M23: 1 | N23: 0 | O23: 0 | P23: 0 | Q23: 0 | R23: 0 | S23: 0 | T23: 0 | U23: 0 | V23: 0 | W23: 0 | X23: 0 | Y23: 0 | Z23: 0 | AA23: 0 | AB23: 0 | AC23: 2 | AD23: 0 | AE23: 0 | AF23: 0 | AG23: 1 | AH23: 0 | AI23: =SUM(E23:AH23) -> 4
D24: JML | E24: =SUM(E22:E23) -> 0 | F24: =SUM(F22:F23) -> 0 | G24: =SUM(G22:G23) -> 0 | H24: =SUM(H22:H23) -> 0 | I24: =SUM(I22:I23) -> 0 | J24: =SUM(J22:J23) -> 0 | K24: =SUM(K22:K23) -> 0 | L24: =SUM(L22:L23) -> 0 | ... AH24: =SUM(AH22:AH23) -> 0 | AI24: =SUM(E24:AH24) -> 6
B25: 3. | C25: Jumlah pengguna hak pilih dalam Daftar Pemilih Khusus (DPK) | D25: LK | E25: 0 | F25: 0 | G25: 1 | H25: 1 | I25: 0 | J25: 0 | K25: 1 | L25: 0 | M25: 1 | N25: 2 | O25: 4 | P25: 3 | Q25: 2 | R25: 1 | S25: 1 | T25: 1 | U25: 3 | V25: 2 | W25: 0 | X25: 1 | Y25: 1 | Z25: 4 | AA25: 0 | AB25: 1 | AC25: 0 | AD25: 4 | AE25: 2 | AF25: 1 | AG25: 2 | AH25: 9 | AI25: =SUM(E25:AH25) -> 48
D26: PR | E26: 4 | F26: 1 | G26: 1 | H26: 4 | I26: 0 | J26: 1 | K26: 3 | L26: 0 | M26: 4 | N26: 1 | O26: 2 | P26: 1 | Q26: 2 | R26: 4 | S26: 5 | T26: 3 | U26: 7 | V26: 2 | W26: 2 | X26: 0 | Y26: 0 | Z26: 6 | AA26: 0 | AB26: 1 | AC26: 2 | AD26: 11 | AE26: 4 | AF26: 1 | AG26: 5 | AH26: 9 | AI26: =SUM(E26:AH26) -> 86
D27: JML | E27: =SUM(E25:E26) -> 4 | F27: =SUM(F25:F26) -> 1 | G27: =SUM(G25:G26) -> 2 | H27: =SUM(H25:H26) -> 5 | I27: =SUM(I25:I26) -> 0 | J27: =SUM(J25:J26) -> 1 | K27: =SUM(K25:K26) -> 4 | L27: =SUM(L25:L26) -> 0 | ... AH27: =SUM(AH25:AH26) -> 18 | AI27: =SUM(E27:AH27) -> 134
B28: 4. | C28: Jumlah Pengguna Hak Pilih (B.1+B.2+B.3) | D28: LK | E28: =SUM(E19,E22,E25) -> 84 | F28: =SUM(F19,F22,F25) -> 65 | G28: =SUM(G19,G22,G25) -> 96 | H28: =SUM(H19,H22,H25) -> 95 | I28: =SUM(I19,I22,I25) -> 99 | J28: =SUM(J19,J22,J25) -> 96 | K28: =SUM(K19,K22,K25) -> 111 | L28: =SUM(L19,L22,L25) -> 84 | ... AH28: =SUM(AH19,AH22,AH25) -> 117 | AI28: =SUM(E28:AH28) -> 2872
D29: PR | E29: =SUM(E20,E23,E26) -> 98 | F29: =SUM(F20,F23,F26) -> 62 | G29: =SUM(G20,G23,G26) -> 113 | H29: =SUM(H20,H23,H26) -> 108 | I29: =SUM(I20,I23,I26) -> 111 | J29: =SUM(J20,J23,J26) -> 109 | K29: =SUM(K20,K23,K26) -> 124 | L29: =SUM(L20,L23,L26) -> 114 | ... AH29: =SUM(AH20,AH23,AH26) -> 121 | AI29: =SUM(E29:AH29) -> 3267
D30: JML | E30: =SUM(E28:E29) -> 182 | F30: =SUM(F28:F29) -> 127 | G30: =SUM(G28:G29) -> 209 | H30: =SUM(H28:H29) -> 203 | I30: =SUM(I28:I29) -> 210 | J30: =SUM(J28:J29) -> 205 | K30: =SUM(K28:K29) -> 235 | L30: =SUM(L28:L29) -> 198 | ... AH30: =SUM(AH28:AH29) -> 238 | AI30: =SUM(E30:AH30) -> 6139
A32: II | B32: DATA PENGGUNAAN SURAT SUARA
A33: 1 | B33: Jumlah surat suara yang diterima, termasuk surat suara cadangan 2,5% dari DPT | E33: 260 | F33: 186 | G33: 294 | H33: 289 | I33: 284 | J33: 281 | K33: 302 | L33: 295 | M33: 281 | N33: 282 | O33: 231 | P33: 280 | Q33: 273 | R33: 282 | S33: 297 | T33: 275 | U33: 283 | V33: 288 | W33: 265 | X33: 279 | Y33: 296 | Z33: 295 | AA33: 301 | AB33: 296 | AC33: 297 | AD33: 296 | AE33: 298 | AF33: 294 | AG33: 296 | AH33: 297 | AI33: =SUM(E33:AH33) -> 8473
A34: 2 | B34: Jumlah surat suara yang digunakan | E34: 182 | F34: 127 | G34: 209 | H34: 203 | I34: 210 | J34: 205 | K34: 235 | L34: 198 | M34: 198 | N34: 201 | O34: 177 | P34: 198 | Q34: 219 | R34: 203 | S34: 226 | T34: 189 | U34: 209 | V34: 216 | W34: 186 | X34: 203 | Y34: 190 | Z34: 212 | AA34: 206 | AB34: 222 | AC34: 187 | AD34: 220 | AE34: 243 | AF34: 207 | AG34: 220 | AH34: 238 | AI34: =SUM(E34:AH34) -> 6139
A35: 3 | B35: Jumlah surat suara dikembalikan oleh pemilih (karena rusak atau keliru coblos) | E35: 0 | F35: 0 | G35: 0 | H35: 0 | I35: 3 | J35: 1 | K35: 3 | L35: 0 | M35: 4 | N35: 1 | O35: 0 | P35: 0 | Q35: 0 | R35: 0 | S35: 0 | T35: 0 | U35: 0 | V35: 1 | W35: 0 | X35: 2 | Y35: 0 | Z35: 0 | AA35: 0 | AB35: 1 | AC35: 0 | AD35: 0 | AE35: 0 | AF35: 0 | AG35: 0 | AH35: 0 | AI35: =SUM(E35:AH35) -> 16
A36: 4 | B36: Jumlah surat suara yang tidak digunakan/tidak terpakai, termasuk sisa surat suara cadangan | E36: =E33-(E34+E35) -> 78 | F36: =F33-(F34+F35) -> 59 | G36: =G33-(G34+G35) -> 85 | H36: =H33-(H34+H35) -> 86 | I36: =I33-(I34+I35) -> 71 | J36: =J33-(J34+J35) -> 75 | K36: =K33-(K34+K35) -> 64 | L36: =L33-(L34+L35) -> 97 | ... AH36: =AH33-(AH34+AH35) -> 59 | AI36: =SUM(E36:AH36) -> 2318
A38: III | B38: DATA PEMILIH DISABILITAS
B39: Jumlah seluruh Pemilih disabilitas yang menggunakan hak pilih | D39: LK | E39: 0 | F39: 0 | G39: 1 | H39: 0 | I39: 0 | J39: 1 | K39: 0 | L39: 1 | M39: 0 | N39: 0 | O39: 1 | P39: 0 | Q39: 1 | R39: 0 | S39: 0 | T39: 0 | U39: 0 | V39: 0 | W39: 1 | X39: 0 | Y39: 0 | Z39: 0 | AA39: 0 | AB39: 0 | AC39: 0 | AD39: 0 | AE39: 0 | AF39: 0 | AG39: 1 | AH39: 0 | AI39: =SUM(E39:AH39) -> 7
D40: PR | E40: 1 | F40: 2 | G40: 3 | H40: 1 | I40: 0 | J40: 0 | K40: 0 | L40: 1 | M40: 0 | N40: 0 | O40: 0 | P40: 0 | Q40: 0 | R40: 0 | S40: 0 | T40: 0 | U40: 0 | V40: 0 | W40: 0 | X40: 0 | Y40: 2 | Z40: 0 | AA40: 0 | AB40: 0 | AC40: 0 | AD40: 0 | AE40: 0 | AF40: 0 | AG40: 0 | AH40: 0 | AI40: =SUM(E40:AH40) -> 10
D41: JML | E41: =SUM(E39:E40) -> 1 | F41: =SUM(F39:F40) -> 2 | G41: =SUM(G39:G40) -> 4 | H41: =SUM(H39:H40) -> 1 | I41: =SUM(I39:I40) -> 0 | J41: =SUM(J39:J40) -> 1 | K41: =SUM(K39:K40) -> 0 | L41: =SUM(L39:L40) -> 2 | ... AH41: =SUM(AH39:AH40) -> 0 | AI41: =SUM(E41:AH41) -> 17
A43: IV | B43: DATA RINCIAN PEROLEHAN SUARA PASANGAN CALON BUPATI DAN WAKIL BUPATI
A44: NOMOR DAN NAMA CALON
B45: 1 | C45: H. ANIES RASYID BASWEDAN, Ph.D. - Dr. (H.C.) H. A. MUHAIMIN ISKANDAR | E45: 12 | F45: 15 | G45: 27 | H45: 33 | I45: 26 | J45: 31 | K45: 35 | L45: 14 | M45: 32 | N45: 24 | O45: 33 | P45: 26 | Q45: 15 | R45: 11 | S45: 48 | T45: 33 | U45: 37 | V45: 23 | W45: 17 | X45: 19 | Y45: 16 | Z45: 27 | AA45: 27 | AB45: 45 | AC45: 34 | AD45: 15 | AE45: 22 | AF45: 35 | AG45: 15 | AH45: 35 | AI45: =SUM(E45:AH45) -> 782
B46: 2 | C46: H. PRABOWO SUBIANTO - GIBRAN RAKABUMING RAKA | E46: 135 | F46: 86 | G46: 142 | H46: 131 | I46: 137 | J46: 125 | K46: 175 | L46: 143 | M46: 121 | N46: 130 | O46: 123 | P46: 139 | Q46: 162 | R46: 149 | S46: 141 | T46: 131 | U46: 132 | V46: 151 | W46: 127 | X46: 129 | Y46: 118 | Z46: 140 | AA46: 131 | AB46: 131 | AC46: 107 | AD46: 150 | AE46: 170 | AF46: 126 | AG46: 146 | AH46: 162 | AI46: =SUM(E46:AH46) -> 4090
B47: 3 | C47: H. GANJAR PRANOWO, S.H., M.I.P. - Prof. Dr. H. M. MAHFUD MD | E47: 28 | F47: 23 | G47: 39 | H47: 36 | I47: 43 | J47: 43 | K47: 23 | L47: 39 | M47: 42 | N47: 42 | O47: 20 | P47: 30 | Q47: 34 | R47: 41 | S47: 36 | T47: 25 | U47: 33 | V47: 41 | W47: 42 | X47: 52 | Y47: 51 | Z47: 38 | AA47: 38 | AB47: 36 | AC47: 29 | AD47: 49 | AE47: 44 | AF47: 35 | AG47: 48 | AH47: 36 | AI47: =SUM(E47:AH47) -> 1116
A49: V | B49: DATA SUARA SAH DAN TIDAK SAH
B50: A. | C50: JUMLAH SELURUH SUARA SAH | E50: =SUM(E45:E47) -> 175 | F50: =SUM(F45:F47) -> 124 | G50: =SUM(G45:G47) -> 208 | H50: =SUM(H45:H47) -> 200 | I50: =SUM(I45:I47) -> 206 | J50: =SUM(J45:J47) -> 199 | K50: =SUM(K45:K47) -> 233 | L50: =SUM(L45:L47) -> 196 | ... AH50: =SUM(AH45:AH47) -> 233 | AI50: =SUM(E50:AH50) -> 5988
B51: B. | C51: JUMLAH SUARA TIDAK SAH | E51: 7 | F51: 3 | G51: 1 | H51: 3 | I51: 4 | J51: 6 | K51: 2 | L51: 2 | M51: 3 | N51: 5 | O51: 1 | P51: 3 | Q51: 8 | R51: 2 | S51: 1 | T51: 0 | U51: 7 | V51: 1 | W51: 0 | X51: 3 | Y51: 5 | Z51: 7 | AA51: 10 | AB51: 10 | AC51: 17 | AD51: 6 | AE51: 7 | AF51: 11 | AG51: 11 | AH51: 5 | AI51: =SUM(E51:AH51) -> 151
B52: C. | C52: JUMLAH SELURUH SUARA SAH DAN SUARA TIDAK SAH (V.A + V.B) | E52: =SUM(E50:E51) -> 182 | F52: =SUM(F50:F51) -> 127 | G52: =SUM(G50:G51) -> 209 | H52: =SUM(H50:H51) -> 203 | I52: =SUM(I50:I51) -> 210 | J52: =SUM(J50:J51) -> 205 | K52: =SUM(K50:K51) -> 235 | L52: =SUM(L50:L51) -> 198 | ... AH52: =SUM(AH50:AH51) -> 238 | AI52: =SUM(E52:AH52) -> 6139

Sheet KEBALENAN
C2: Kecamatan | D2: BANYUWANGI
C3: Kabupaten | D3: BANYUWANGI
C4: Provinsi | D4: JAWA TIMUR
C9: Kelurahan | D9: KEBALENAN
A12: I | B12: DATA PEMILIH DAN PENGGUNAAN HAK PILIH | AH12: JUMLAH AKHIR
A13: A | B13: DATA PEMILIH | E13: TPS 001 | F13: TPS 002 | G13: TPS 003 | H13: TPS 004 | I13: TPS 005 | J13: TPS 006 | K13: TPS 007 | L13: TPS 008 | M13: TPS 009 | N13: TPS 010 | O13: TPS 011 | P13: TPS 012 | Q13: TPS 013 | R13: TPS 014 | S13: TPS 015 | T13: TPS 016 | U13: TPS 017 | V13: TPS 018 | W13: TPS 019 | X13: TPS 020 | Y13: TPS 021 | Z13: TPS 022 | AA13: TPS 023 | AB13: TPS 024 | AC13: TPS 025 | AD13: TPS 026 | AE13: TPS 027 | AF13: TPS 028 | AG13: TPS 029
B14: Jumlah Pemilih dalam Daftar Pemilih Tetap (DPT) | D14: LK | E14: 135 | F14: 150 | G14: 140 | H14: 130 | I14: 145 | J14: 139 | K14: 138 | L14: 138 | M14: 146 | N14: 141 | O14: 134 | P14: 136 | Q14: 135 | R14: 127 | S14: 124 | T14: 127 | U14: 138 | V14: 147 | W14: 129 | X14: 120 | Y14: 130 | Z14: 135 | AA14: 136 | AB14: 125 | AC14: 136 | AD14: 135 | AE14: 82 | AF14: 74 | AG14: 148 | AH14: =SUM(E14:AG14) -> 3820
D15: PR | E15: 155 | F15: 142 | G15: 154 | H15: 159 | I15: 146 | J15: 140 | K15: 149 | L15: 154 | M15: 144 | N15: 155 | O15: 162 | P15: 143 | Q15: 129 | R15: 147 | S15: 144 | T15: 143 | U15: 153 | V15: 146 | W15: 146 | X15: 150 | Y15: 153 | Z15: 149 | AA15: 154 | AB15: 152 | AC15: 160 | AD15: 148 | AE15: 96 | AF15: 83 | AG15: 150 | AH15: =SUM(E15:AG15) -> 4206
D16: JML | E16: =SUM(E14:E15) -> 290 | F16: =SUM(F14:F15) -> 292 | G16: =SUM(G14:G15) -> 294 | H16: =SUM(H14:H15) -> 289 | I16: =SUM(I14:I15) -> 291 | J16: =SUM(J14:J15) -> 279 | K16: =SUM(K14:K15) -> 287 | L16: =SUM(L14:L15) -> 292 | ... AG16: =SUM(AG14:AG15) -> 298 | AH16: =SUM(E16:AG16) -> 8026
A18: B | B18: PENGGUNA HAK PILIH
B19: 1. | C19: Jumlah pengguna hak pilih dalam Daftar Pemilih Tetap (DPT) | D19: LK | E19: 94 | F19: 111 | G19: 95 | H19: 95 | I19: 112 | J19: 109 | K19: 103 | L19: 99 | M19: 113 | N19: 91 | O19: 101 | P19: 92 | Q19: 97 | R19: 92 | S19: 89 | T19: 92 | U19: 96 | V19: 118 | W19: 100 | X19: 88 | Y19: 93 | Z19: 94 | AA19: 101 | AB19: 87 | AC19: 102 | AD19: 96 | AE19: 56 | AF19: 53 | AG19: 123 | AH19: =SUM(E19:AG19) -> 2792
D20: PR | E20: 121 | F20: 112 | G20: 112 | H20: 127 | I20: 127 | J20: 104 | K20: 116 | L20: 126 | M20: 120 | N20: 111 | O20: 122 | P20: 116 | Q20: 112 | R20: 111 | S20: 117 | T20: 107 | U20: 124 | V20: 128 | W20: 120 | X20: 123 | Y20: 127 | Z20: 118 | AA20: 121 | AB20: 113 | AC20: 128 | AD20: 126 | AE20: 70 | AF20: 67 | AG20: 128 | AH20: =SUM(E20:AG20) -> 3354
D21: JML | E21: =SUM(E19:E20) -> 215 | F21: =SUM(F19:F20) -> 223 | G21: =SUM(G19:G20) -> 207 | H21: =SUM(H19:H20) -> 222 | I21: =SUM(I19:I20) -> 239 | J21: =SUM(J19:J20) -> 213 | K21: =SUM(K19:K20) -> 219 | L21: =SUM(L19:L20) -> 225 | ... AG21: =SUM(AG19:AG20) -> 251 | AH21: =SUM(E21:AG21) -> 6146
B22: 2. | C22: Jumlah pengguna hak pilih dalam Daftar Pemilih Tambahan (DPTb) | D22: LK | E22: 0 | F22: 1 | G22: 2 | H22: 0 | I22: 0 | J22: 0 | K22: 2 | L22: 3 | M22: 1 | N22: 0 | O22: 0 | P22: 4 | Q22: 0 | R22: 1 | S22: 3 | T22: 9 | U22: 2 | V22: 1 | W22: 0 | X22: 0 | Y22: 1 | Z22: 1 | AA22: 0 | AB22: 2 | AC22: 2 | AD22: 11 | AE22: 9 | AF22: 0 | AG22: 0 | AH22: =SUM(E22:AG22) -> 55
D23: PR | E23: 2 | F23: 2 | G23: 1 | H23: 1 | I23: 0 | J23: 0 | K23: 2 | L23: 3 | M23: 0 | N23: 0 | O23: 0 | P23: 4 | Q23: 1 | R23: 0 | S23: 3 | T23: 3 | U23: 3 | V23: 1 | W23: 0 | X23: 0 | Y23: 5 | Z23: 2 | AA23: 1 | AB23: 2 | AC23: 4 | AD23: 1 | AE23: 0 | AF23: 0 | AG23: 0 | AH23: =SUM(E23:AG23) -> 41
D24: JML | E24: =SUM(E22:E23) -> 2 | F24: =SUM(F22:F23) -> 3 | G24: =SUM(G22:G23) -> 3 | H24: =SUM(H22:H23) -> 1 | I24: =SUM(I22:I23) -> 0 | J24: =SUM(J22:J23) -> 0 | K24: =SUM(K22:K23) -> 4 | L24: =SUM(L22:L23) -> 6 | ... AG24: =SUM(AG22:AG23) -> 0 | AH24: =SUM(E24:AG24) -> 96
B25: 3. | C25: Jumlah pengguna hak pilih dalam Daftar Pemilih Khusus (DPK) | D25: LK | E25: 1 | F25: 0 | G25: 2 | H25: 1 | I25: 0 | J25: 0 | K25: 4 | L25: 2 | M25: 1 | N25: 1 | O25: 1 | P25: 0 | Q25: 4 | R25: 4 | S25: 4 | T25: 0 | U25: 0 | V25: 1 | W25: 0 | X25: 0 | Y25: 1 | Z25: 1 | AA25: 0 | AB25: 0 | AC25: 2 | AD25: 1 | AE25: 2 | AF25: 2 | AG25: 0 | AH25: =SUM(E25:AG25) -> 35
D26: PR | E26: 0 | F26: 3 | G26: 2 | H26: 2 | I26: 0 | J26: 1 | K26: 5 | L26: 1 | M26: 5 | N26: 1 | O26: 1 | P26: 1 | Q26: 2 | R26: 2 | S26: 5 | T26: 2 | U26: 0 | V26: 1 | W26: 2 | X26: 4 | Y26: 2 | Z26: 2 | AA26: 0 | AB26: 0 | AC26: 0 | AD26: 2 | AE26: 3 | AF26: 5 | AG26: 0 | AH26: =SUM(E26:AG26) -> 54
D27: JML | E27: =SUM(E25:E26) -> 1 | F27: =SUM(F25:F26) -> 3 | G27: =SUM(G25:G26) -> 4 | H27: =SUM(H25:H26) -> 3 | I27: =SUM(I25:I26) -> 0 | J27: =SUM(J25:J26) -> 1 | K27: =SUM(K25:K26) -> 9 | L27: =SUM(L25:L26) -> 3 | ... AG27: =SUM(AG25:AG26) -> 0 | AH27: =SUM(E27:AG27) -> 89
B28: 4. | C28: Jumlah Pengguna Hak Pilih (B.1+B.2+B.3) | D28: LK | E28: =SUM(E19,E22,E25) -> 95 | F28: =SUM(F19,F22,F25) -> 112 | G28: =SUM(G19,G22,G25) -> 99 | H28: =SUM(H19,H22,H25) -> 96 | I28: =SUM(I19,I22,I25) -> 112 | J28: =SUM(J19,J22,J25) -> 109 | K28: =SUM(K19,K22,K25) -> 109 | L28: =SUM(L19,L22,L25) -> 104 | ... AG28: =SUM(AG19,AG22,AG25) -> 123 | AH28: =SUM(E28:AG28) -> 2882
D29: PR | E29: =SUM(E20,E23,E26) -> 123 | F29: =SUM(F20,F23,F26) -> 117 | G29: =SUM(G20,G23,G26) -> 115 | H29: =SUM(H20,H23,H26) -> 130 | I29: =SUM(I20,I23,I26) -> 127 | J29: =SUM(J20,J23,J26) -> 105 | K29: =SUM(K20,K23,K26) -> 123 | L29: =SUM(L20,L23,L26) -> 130 | ... AG29: =SUM(AG20,AG23,AG26) -> 128 | AH29: =SUM(E29:AG29) -> 3449
D30: JML | E30: =SUM(E28:E29) -> 218 | F30: =SUM(F28:F29) -> 229 | G30: =SUM(G28:G29) -> 214 | H30: =SUM(H28:H29) -> 226 | I30: =SUM(I28:I29) -> 239 | J30: =SUM(J28:J29) -> 214 | K30: =SUM(K28:K29) -> 232 | L30: =SUM(L28:L29) -> 234 | ... AG30: =SUM(AG28:AG29) -> 251 | AH30: =SUM(E30:AG30) -> 6331
A32: II | B32: DATA PENGGUNAAN SURAT SUARA
A33: 1 | B33: Jumlah surat suara yang diterima, termasuk surat suara cadangan 2,5% dari DPT | E33: 296 | F33: 289 | G33: 290 | H33: 295 | I33: 285 | J33: 282 | K33: 283 | L33: 278 | M33: 286 | N33: 283 | O33: 292 | P33: 266 | Q33: 252 | R33: 260 | S33: 275 | T33: 276 | U33: 300 | V33: 301 | W33: 281 | X33: 276 | Y33: 289 | Z33: 290 | AA33: 281 | AB33: 285 | AC33: 302 | AD33: 289 | AE33: 182 | AF33: 162 | AG33: 303 | AH33: =SUM(E33:AG33) -> 8029
A34: 2 | B34: Jumlah surat suara yang digunakan | E34: 218 | F34: 229 | G34: 214 | H34: 226 | I34: 239 | J34: 214 | K34: 232 | L34: 234 | M34: 240 | N34: 204 | O34: 225 | P34: 217 | Q34: 216 | R34: 210 | S34: 221 | T34: 213 | U34: 225 | V34: 250 | W34: 222 | X34: 215 | Y34: 229 | Z34: 218 | AA34: 223 | AB34: 204 | AC34: 238 | AD34: 237 | AE34: 140 | AF34: 127 | AG34: 251 | AH34: =SUM(E34:AG34) -> 6331
A35: 3 | B35: Jumlah surat suara dikembalikan oleh pemilih (karena rusak atau keliru coblos) | E35: 2 | F35: 1 | G35: 0 | H35: 1 | I35: 0 | J35: 0 | K35: 0 | L35: 0 | M35: 0 | N35: 0 | O35: 0 | P35: 1 | Q35: 0 | R35: 0 | S35: 0 | T35: 0 | U35: 0 | V35: 0 | W35: 0 | X35: 0 | Y35: 0 | Z35: 0 | AA35: 0 | AB35: 0 | AC35: 0 | AD35: 0 | AE35: 0 | AF35: 0 | AG35: 0 | AH35: =SUM(E35:AG35) -> 5
A36: 4 | B36: Jumlah surat suara yang tidak digunakan/tidak terpakai, termasuk sisa surat suara cadangan | E36: =E33-(E34+E35) -> 76 | F36: =F33-(F34+F35) -> 59 | G36: =G33-(G34+G35) -> 76 | H36: =H33-(H34+H35) -> 68 | I36: =I33-(I34+I35) -> 46 | J36: =J33-(J34+J35) -> 68 | K36: =K33-(K34+K35) -> 51 | L36: =L33-(L34+L35) -> 44 | ... AG36: =AG33-(AG34+AG35) -> 52 | AH36: =SUM(E36:AG36) -> 1693
A38: III | B38: DATA PEMILIH DISABILITAS
B39: Jumlah seluruh Pemilih disabilitas yang menggunakan hak pilih | D39: LK | E39: 0 | F39: 0 | G39: 0 | H39: 0 | I39: 0 | J39: 0 | K39: 0 | L39: 0 | M39: 0 | N39: 0 | O39: 1 | P39: 0 | Q39: 0 | R39: 2 | S39: 0 | T39: 0 | U39: 0 | V39: 0 | W39: 0 | X39: 1 | Y39: 0 | Z39: 0 | AA39: 0 | AB39: 0 | AC39: 1 | AD39: 0 | AE39: 1 | AF39: 0 | AG39: 0 | AH39: =SUM(E39:AG39) -> 6
D40: PR | E40: 0 | F40: 0 | G40: 0 | H40: 0 | I40: 0 | J40: 0 | K40: 0 | L40: 1 | M40: 0 | N40: 0 | O40: 0 | P40: 0 | Q40: 0 | R40: 1 | S40: 0 | T40: 0 | U40: 1 | V40: 0 | W40: 0 | X40: 1 | Y40: 0 | Z40: 1 | AA40: 0 | AB40: 0 | AC40: 0 | AD40: 0 | AE40: 0 | AF40: 0 | AG40: 0 | AH40: =SUM(E40:AG40) -> 5
D41: JML | E41: =SUM(E39:E40) -> 0 | F41: =SUM(F39:F40) -> 0 | G41: =SUM(G39:G40) -> 0 | H41: =SUM(H39:H40) -> 0 | I41: =SUM(I39:I40) -> 0 | J41: =SUM(J39:J40) -> 0 | K41: =SUM(K39:K40) -> 0 | L41: =SUM(L39:L40) -> 1 | ... AC41: =SUM(AC39:AC40) -> 1 | AD41: 0 | AE41: =SUM(AE39:AE40) -> 1 | AF41: =SUM(AF39:AF40) -> 0 | AG41: =SUM(AG39:AG40) -> 0 | AH41: =SUM(E41:AG41) -> 11
A43: IV | B43: DATA RINCIAN PEROLEHAN SUARA PASANGAN CALON BUPATI DAN WAKIL BUPATI
A44: NOMOR DAN NAMA CALON
B45: 1 | C45: H. ANIES RASYID BASWEDAN, Ph.D. - Dr. (H.C.) H. A. MUHAIMIN ISKANDAR | E45: 46 | F45: 39 | G45: 38 | H45: 36 | I45: 34 | J45: 61 | K45: 54 | L45: 61 | M45: 47 | N45: 53 | O45: 50 | P45: 48 | Q45: 55 | R45: 34 | S45: 41 | T45: 69 | U45: 73 | V45: 59 | W45: 93 | X45: 41 | Y45: 53 | Z45: 42 | AA45: 40 | AB45: 43 | AC45: 59 | AD45: 65 | AE45: 26 | AF45: 22 | AG45: 27 | AH45: =SUM(E45:AG45) -> 1409
B46: 2 | C46: H. PRABOWO SUBIANTO - GIBRAN RAKABUMING RAKA | E46: 139 | F46: 151 | G46: 137 | H46: 138 | I46: 147 | J46: 116 | K46: 144 | L46: 134 | M46: 147 | N46: 141 | O46: 147 | P46: 132 | Q46: 125 | R46: 131 | S46: 152 | T46: 114 | U46: 115 | V46: 146 | W46: 106 | X46: 129 | Y46: 138 | Z46: 141 | AA46: 146 | AB46: 140 | AC46: 146 | AD46: 134 | AE46: 94 | AF46: 79 | AG46: 184 | AH46: =SUM(E46:AG46) -> 3893
B47: 3 | C47: H. GANJAR PRANOWO, S.H., M.I.P. - Prof. Dr. H. M. MAHFUD MD | E47: 31 | F47: 33 | G47: 35 | H47: 45 | I47: 52 | J47: 32 | K47: 32 | L47: 38 | M47: 40 | N47: 9 | O47: 26 | P47: 34 | Q47: 32 | R47: 44 | S47: 26 | T47: 25 | U47: 28 | V47: 38 | W47: 20 | X47: 43 | Y47: 35 | Z47: 30 | AA47: 32 | AB47: 18 | AC47: 31 | AD47: 28 | AE47: 16 | AF47: 24 | AG47: 38 | AH47: =SUM(E47:AG47) -> 915
A49: V | B49: DATA SUARA SAH DAN TIDAK SAH
B50: A. | C50: JUMLAH SELURUH SUARA SAH | E50: =SUM(E45:E47) -> 216 | F50: =SUM(F45:F47) -> 223 | G50: =SUM(G45:G47) -> 210 | H50: =SUM(H45:H47) -> 219 | I50: =SUM(I45:I47) -> 233 | J50: =SUM(J45:J47) -> 209 | K50: =SUM(K45:K47) -> 230 | L50: =SUM(L45:L47) -> 233 | ... AG50: =SUM(AG45:AG47) -> 249 | AH50: =SUM(E50:AG50) -> 6217
B51: B. | C51: JUMLAH SUARA TIDAK SAH | E51: 2 | F51: 6 | G51: 4 | H51: 7 | I51: 6 | J51: 5 | K51: 2 | L51: 1 | M51: 6 | N51: 1 | O51: 2 | P51: 3 | Q51: 4 | R51: 1 | S51: 2 | T51: 5 | U51: 9 | V51: 7 | W51: 3 | X51: 2 | Y51: 3 | Z51: 5 | AA51: 5 | AB51: 3 | AC51: 2 | AD51: 10 | AE51: 4 | AF51: 2 | AG51: 2 | AH51: =SUM(E51:AG51) -> 114
B52: C. | C52: JUMLAH SELURUH SUARA SAH DAN SUARA TIDAK SAH (V.A + V.B) | E52: =SUM(E50:E51) -> 218 | F52: =SUM(F50:F51) -> 229 | G52: =SUM(G50:G51) -> 214 | H52: =SUM(H50:H51) -> 226 | I52: =SUM(I50:I51) -> 239 | J52: =SUM(J50:J51) -> 214 | K52: =SUM(K50:K51) -> 232 | L52: =SUM(L50:L51) -> 234 | ... AG52: =SUM(AG50:AG51) -> 251 | AH52: =SUM(E52:AG52) -> 6331

Sheet KEPATIHAN
C2: Kecamatan | D2: BANYUWANGI
C3: Kabupaten | D3: BANYUWANGI
C4: Provinsi | D4: JAWA TIMUR
C9: Kelurahan | D9: KEPATIHAN
A12: I | B12: DATA PEMILIH DAN PENGGUNAAN HAK PILIH | S12: JUMLAH AKHIR
A13: A | B13: DATA PEMILIH | E13: TPS 001 | F13: TPS 002 | G13: TPS 003 | H13: TPS 004 | I13: TPS 005 | J13: TPS 006 | K13: TPS 007 | L13: TPS 008 | M13: TPS 009 | N13: TPS 010 | O13: TPS 011 | P13: TPS 012 | Q13: TPS 013 | R13: TPS 014
B14: Jumlah Pemilih dalam Daftar Pemilih Tetap (DPT) | D14: LK | E14: 99 | F14: 85 | G14: 115 | H14: 126 | I14: 128 | J14: 122 | K14: 134 | L14: 141 | M14: 129 | N14: 99 | O14: 72 | P14: 132 | Q14: 136 | R14: 131 | S14: =SUM(E14:R14) -> 1649
D15: PR | E15: 104 | F15: 87 | G15: 106 | H15: 148 | I15: 147 | J15: 148 | K15: 162 | L15: 152 | M15: 122 | N15: 106 | O15: 75 | P15: 131 | Q15: 141 | R15: 140 | S15: =SUM(E15:R15) -> 1769
D16: JML | E16: =SUM(E14:E15) -> 203 | F16: =SUM(F14:F15) -> 172 | G16: =SUM(G14:G15) -> 221 | H16: =SUM(H14:H15) -> 274 | I16: =SUM(I14:I15) -> 275 | J16: =SUM(J14:J15) -> 270 | K16: =SUM(K14:K15) -> 296 | L16: =SUM(L14:L15) -> 293 | ... R16: =SUM(R14:R15) -> 271 | S16: =SUM(E16:R16) -> 3418
A18: B | B18: PENGGUNA HAK PILIH
B19: 1. | C19: Jumlah pengguna hak pilih dalam Daftar Pemilih Tetap (DPT) | D19: LK | E19: 69 | F19: 61 | G19: 73 | H19: 117 | I19: 84 | J19: 111 | K19: 90 | L19: 105 | M19: 78 | N19: 64 | O19: 51 | P19: 91 | Q19: 96 | R19: 90 | S19: =SUM(E19:R19) -> 1180
D20: PR | E20: 81 | F20: 66 | G20: 82 | H20: 94 | I20: 114 | J20: 85 | K20: 126 | L20: 117 | M20: 88 | N20: 76 | O20: 54 | P20: 103 | Q20: 117 | R20: 100 | S20: =SUM(E20:R20) -> 1303
D21: JML | E21: =SUM(E19:E20) -> 150 | F21: =SUM(F19:F20) -> 127 | G21: =SUM(G19:G20) -> 155 | H21: =SUM(H19:H20) -> 211 | I21: =SUM(I19:I20) -> 198 | J21: =SUM(J19:J20) -> 196 | K21: =SUM(K19:K20) -> 216 | L21: =SUM(L19:L20) -> 222 | ... R21: =SUM(R19:R20) -> 190 | S21: =SUM(E21:R21) -> 2483
B22: 2. | C22: Jumlah pengguna hak pilih dalam Daftar Pemilih Tambahan (DPTb) | D22: LK | E22: 0 | F22: 0 | G22: 0 | H22: 1 | I22: 1 | J22: 1 | K22: 0 | L22: 0 | M22: 1 | N22: 0 | O22: 0 | P22: 1 | Q22: 0 | R22: 0 | S22: =SUM(E22:R22) -> 5
D23: PR | E23: 0 | F23: 0 | G23: 1 | H23: 1 | I23: 1 | J23: 1 | K23: 0 | L23: 0 | M23: 0 | N23: 0 | O23: 0 | P23: 0 | Q23: 0 | R23: 0 | S23: =SUM(E23:R23) -> 4
D24: JML | E24: =SUM(E22:E23) -> 0 | F24: =SUM(F22:F23) -> 0 | G24: =SUM(G22:G23) -> 1 | H24: =SUM(H22:H23) -> 2 | I24: =SUM(I22:I23) -> 2 | J24: =SUM(J22:J23) -> 2 | K24: =SUM(K22:K23) -> 0 | L24: =SUM(L22:L23) -> 0 | ... R24: =SUM(R22:R23) -> 0 | S24: =SUM(E24:R24) -> 9
B25: 3. | C25: Jumlah pengguna hak pilih dalam Daftar Pemilih Khusus (DPK) | D25: LK | E25: 0 | F25: 4 | G25: 3 | H25: 0 | I25: 0 | J25: 0 | K25: 3 | L25: 4 | M25: 0 | N25: 2 | O25: 1 | P25: 2 | Q25: 0 | R25: 0 | S25: =SUM(E25:R25) -> 19
D26: PR | E26: 1 | F26: 2 | G26: 3 | H26: 0 | I26: 0 | J26: 1 | K26: 3 | L26: 3 | M26: 0 | N26: 6 | O26: 0 | P26: 1 | Q26: 0 | R26: 1 | S26: =SUM(E26:R26) -> 21
D27: JML | E27: =SUM(E25:E26) -> 1 | F27: =SUM(F25:F26) -> 6 | G27: =SUM(G25:G26) -> 6 | H27: =SUM(H25:H26) -> 0 | I27: =SUM(I25:I26) -> 0 | J27: =SUM(J25:J26) -> 1 | K27: =SUM(K25:K26) -> 6 | L27: =SUM(L25:L26) -> 7 | ... R27: =SUM(R25:R26) -> 1 | S27: =SUM(E27:R27) -> 40
B28: 4. | C28: Jumlah Pengguna Hak Pilih (B.1+B.2+B.3) | D28: LK | E28: =SUM(E19,E22,E25) -> 69 | F28: =SUM(F19,F22,F25) -> 65 | G28: =SUM(G19,G22,G25) -> 76 | H28: =SUM(H19,H22,H25) -> 118 | I28: =SUM(I19,I22,I25) -> 85 | J28: =SUM(J19,J22,J25) -> 112 | K28: =SUM(K19,K22,K25) -> 93 | L28: =SUM(L19,L22,L25) -> 109 | ... R28: =SUM(R19,R22,R25) -> 90 | S28: =SUM(E28:R28) -> 1204
D29: PR | E29: =SUM(E20,E23,E26) -> 82 | F29: =SUM(F20,F23,F26) -> 68 | G29: =SUM(G20,G23,G26) -> 86 | H29: =SUM(H20,H23,H26) -> 95 | I29: =SUM(I20,I23,I26) -> 115 | J29: =SUM(J20,J23,J26) -> 87 | K29: =SUM(K20,K23,K26) -> 129 | L29: =SUM(L20,L23,L26) -> 120 | ... R29: =SUM(R20,R23,R26) -> 101 | S29: =SUM(E29:R29) -> 1328
D30: JML | E30: =SUM(E28:E29) -> 151 | F30: =SUM(F28:F29) -> 133 | G30: =SUM(G28:G29) -> 162 | H30: =SUM(H28:H29) -> 213 | I30: =SUM(I28:I29) -> 200 | J30: =SUM(J28:J29) -> 199 | K30: =SUM(K28:K29) -> 222 | L30: =SUM(L28:L29) -> 229 | ... R30: =SUM(R28:R29) -> 191 | S30: =SUM(E30:R30) -> 2532
A32: II | B32: DATA PENGGUNAAN SURAT SUARA
A33: 1 | B33: Jumlah surat suara yang diterima, termasuk surat suara cadangan 2,5% dari DPT | E33: 208 | F33: 176 | G33: 226 | H33: 281 | I33: 281 | J33: 276 | K33: 301 | L33: 299 | M33: 257 | N33: 211 | O33: 150 | P33: 269 | Q33: 283 | R33: 280 | S33: =SUM(E33:R33) -> 3498
A34: 2 | B34: Jumlah surat suara yang digunakan | E34: 151 | F34: 133 | G34: 162 | H34: 213 | I34: 200 | J34: 199 | K34: 222 | L34: 229 | M34: 167 | N34: 148 | O34: 106 | P34: 198 | Q34: 213 | R34: 191 | S34: =SUM(E34:R34) -> 2532
A35: 3 | B35: Jumlah surat suara dikembalikan oleh pemilih (karena rusak atau keliru coblos) | E35: 0 | F35: 0 | G35: 1 | H35: 1 | I35: 4 | J35: 3 | K35: 0 | L35: 1 | M35: 0 | N35: 0 | O35: 0 | P35: 0 | Q35: 0 | R35: 0 | S35: =SUM(E35:R35) -> 10
A36: 4 | B36: Jumlah surat suara yang tidak digunakan/tidak terpakai, termasuk sisa surat suara cadangan | E36: =E33-(E34+E35) -> 57 | F36: =F33-(F34+F35) -> 43 | G36: =G33-(G34+G35) -> 63 | H36: =H33-(H34+H35) -> 67 | I36: =I33-(I34+I35) -> 77 | J36: =J33-(J34+J35) -> 74 | K36: =K33-(K34+K35) -> 79 | L36: =L33-(L34+L35) -> 69 | ... R36: =R33-(R34+R35) -> 89 | S36: =SUM(E36:R36) -> 956
A38: III | B38: DATA PEMILIH DISABILITAS
B39: Jumlah seluruh Pemilih disabilitas yang menggunakan hak pilih | D39: LK | E39: 0 | F39: 0 | G39: 0 | H39: 0 | I39: 0 | J39: 0 | K39: 2 | L39: 0 | M39: 0 | N39: 1 | O39: 0 | P39: 0 | Q39: 0 | R39: 0 | S39: =SUM(E39:R39) -> 3
D40: PR | E40: 0 | F40: 0 | G40: 1 | H40: 0 | I40: 0 | J40: 0 | K40: 0 | L40: 0 | M40: 0 | N40: 0 | O40: 0 | P40: 0 | Q40: 0 | R40: 0 | S40: =SUM(E40:R40) -> 1
D41: JML | E41: =SUM(E39:E40) -> 0 | F41: =SUM(F39:F40) -> 0 | G41: =SUM(G39:G40) -> 1 | H41: =SUM(H39:H40) -> 0 | I41: =SUM(I39:I40) -> 0 | J41: =SUM(J39:J40) -> 0 | K41: =SUM(K39:K40) -> 2 | L41: =SUM(L39:L40) -> 0 | ... R41: =SUM(R39:R40) -> 0 | S41: =SUM(E41:R41) -> 4
A43: IV | B43: DATA RINCIAN PEROLEHAN SUARA PASANGAN CALON PRESIDEN DAN WAKIL PRESIDEN
A44: NOMOR DAN NAMA CALON
B45: 1 | C45: H. ANIES RASYID BASWEDAN, Ph.D. - Dr. (H.C.) H. A. MUHAIMIN ISKANDAR | E45: 43 | F45: 61 | G45: 24 | H45: 21 | I45: 27 | J45: 30 | K45: 13 | L45: 21 | M45: 16 | N45: 14 | O45: 10 | P45: 9 | Q45: 14 | R45: 21 | S45: =SUM(E45:R45) -> 324
B46: 2 | C46: H. PRABOWO SUBIANTO - GIBRAN RAKABUMING RAKA | E46: 80 | F46: 64 | G46: 105 | H46: 135 | I46: 138 | J46: 124 | K46: 143 | L46: 172 | M46: 125 | N46: 94 | O46: 73 | P46: 144 | Q46: 148 | R46: 117 | S46: =SUM(E46:R46) -> 1662
B47: 3 | C47: H. GANJAR PRANOWO, S.H., M.I.P. - Prof. Dr. H. M. MAHFUD MD | E47: 25 | F47: 7 | G47: 31 | H47: 55 | I47: 33 | J47: 45 | K47: 58 | L47: 30 | M47: 21 | N47: 32 | O47: 18 | P47: 37 | Q47: 49 | R47: 44 | S47: =SUM(E47:R47) -> 485
A49: V | B49: DATA SUARA SAH DAN TIDAK SAH
B50: A. | C50: JUMLAH SELURUH SUARA SAH | E50: =SUM(E45:E47) -> 148 | F50: =SUM(F45:F47) -> 132 | G50: =SUM(G45:G47) -> 160 | H50: =SUM(H45:H47) -> 211 | I50: =SUM(I45:I47) -> 198 | J50: =SUM(J45:J47) -> 199 | K50: =SUM(K45:K47) -> 214 | L50: =SUM(L45:L47) -> 223 | ... R50: =SUM(R45:R47) -> 182 | S50: =SUM(E50:R50) -> 2471
B51: B. | C51: JUMLAH SUARA TIDAK SAH | E51: 3 | F51: 1 | G51: 2 | H51: 2 | I51: 2 | J51: 0 | K51: 8 | L51: 6 | M51: 5 | N51: 8 | O51: 5 | P51: 8 | Q51: 2 | R51: 9 | S51: =SUM(E51:R51) -> 61
B52: C. | C52: JUMLAH SELURUH SUARA SAH DAN SUARA TIDAK SAH (V.A + V.B) | E52: =SUM(E50:E51) -> 151 | F52: =SUM(F50:F51) -> 133 | G52: =SUM(G50:G51) -> 162 | H52: =SUM(H50:H51) -> 213 | I52: =SUM(I50:I51) -> 200 | J52: =SUM(J50:J51) -> 199 | K52: =SUM(K50:K51) -> 222 | L52: =SUM(L50:L51) -> 229 | ... R52: =SUM(R50:R51) -> 191 | S52: =SUM(E52:R52) -> 2532

Sheet KERTOSARI
C2: Kecamatan | D2: BANYUWANGI
C3: Kabupaten | D3: BANYUWANGI
C4: Provinsi | D4: JAWA TIMUR
C9: Kelurahan | D9: KERTOSARI
A12: I | B12: DATA PEMILIH DAN PENGGUNAAN HAK PILIH | AB12: JUMLAH AKHIR
A13: A | B13: DATA PEMILIH | E13: TPS 001 | F13: TPS 002 | G13: TPS 003 | H13: TPS 004 | I13: TPS 005 | J13: TPS 006 | K13: TPS 007 | L13: TPS 008 | M13: TPS 009 | N13: TPS 010 | O13: TPS 011 | P13: TPS 012 | Q13: TPS 013 | R13: TPS 014 | S13: TPS 015 | T13: TPS 016 | U13: TPS 017 | V13: TPS 018 | W13: TPS 019 | X13: TPS 020 | Y13: TPS 021 | Z13: TPS 022 | AA13: TPS 023
B14: Jumlah Pemilih dalam Daftar Pemilih Tetap (DPT) | D14: LK | E14: 135 | F14: 141 | G14: 138 | H14: 132 | I14: 126 | J14: 129 | K14: 113 | L14: 146 | M14: 142 | N14: 130 | O14: 120 | P14: 129 | Q14: 140 | R14: 142 | S14: 142 | T14: 142 | U14: 144 | V14: 125 | W14: 141 | X14: 135 | Y14: 138 | Z14: 130 | AA14: 101 | AB14: =SUM(E14:AA14) -> 3061
D15: PR | E15: 146 | F15: 143 | G15: 145 | H15: 150 | I15: 142 | J15: 132 | K15: 117 | L15: 132 | M15: 136 | N15: 137 | O15: 134 | P15: 138 | Q15: 140 | R15: 148 | S15: 146 | T15: 144 | U15: 134 | V15: 115 | W15: 142 | X15: 124 | Y15: 136 | Z15: 140 | AA15: 106 | AB15: =SUM(E15:AA15) -> 3127
D16: JML | E16: =SUM(E14:E15) -> 281 | F16: =SUM(F14:F15) -> 284 | G16: =SUM(G14:G15) -> 283 | H16: =SUM(H14:H15) -> 282 | I16: =SUM(I14:I15) -> 268 | J16: =SUM(J14:J15) -> 261 | K16: =SUM(K14:K15) -> 230 | L16: =SUM(L14:L15) -> 278 | ... AA16: =SUM(AA14:AA15) -> 207 | AB16: =SUM(E16:AA16) -> 6188
A18: B | B18: PENGGUNA HAK PILIH
B19: 1. | C19: Jumlah pengguna hak pilih dalam Daftar Pemilih Tetap (DPT) | D19: LK | E19: 95 | F19: 118 | G19: 103 | H19: 100 | I19: 97 | J19: 96 | K19: 90 | L19: 86 | M19: 85 | N19: 98 | O19: 80 | P19: 79 | Q19: 96 | R19: 105 | S19: 97 | T19: 97 | U19: 99 | V19: 105 | W19: 97 | X19: 91 | Y19: 95 | Z19: 94 | AA19: 67 | AB19: =SUM(E19:AA19) -> 2170
D20: PR | E20: 117 | F20: 122 | G20: 106 | H20: 122 | I20: 114 | J20: 113 | K20: 93 | L20: 124 | M20: 96 | N20: 102 | O20: 98 | P20: 108 | Q20: 114 | R20: 122 | S20: 116 | T20: 108 | U20: 98 | V20: 96 | W20: 117 | X20: 96 | Y20: 106 | Z20: 103 | AA20: 80 | AB20: =SUM(E20:AA20) -> 2471
D21: JML | E21: =SUM(E19:E20) -> 212 | F21: =SUM(F19:F20) -> 240 | G21: =SUM(G19:G20) -> 209 | H21: =SUM(H19:H20) -> 222 | I21: =SUM(I19:I20) -> 211 | J21: =SUM(J19:J20) -> 209 | K21: =SUM(K19:K20) -> 183 | L21: =SUM(L19:L20) -> 210 | ... AA21: =SUM(AA19:AA20) -> 147 | AB21: =SUM(E21:AA21) -> 4641
B22: 2. | C22: Jumlah pengguna hak pilih dalam Daftar Pemilih Tambahan (DPTb) | D22: LK | E22: 0 | F22: 0 | G22: 0 | H22: 0 | I22: 0 | J22: 0 | K22: 0 | L22: 1 | M22: 2 | N22: 0 | O22: 0 | P22: 3 | Q22: 0 | R22: 1 | S22: 1 | T22: 0 | U22: 0 | V22: 1 | W22: 0 | X22: 0 | Y22: 0 | Z22: 0 | AA22: 0 | AB22: =SUM(E22:AA22) -> 9
D23: PR | E23: 0 | F23: 0 | G23: 0 | H23: 0 | I23: 2 | J23: 0 | K23: 0 | L23: 0 | M23: 6 | N23: 0 | O23: 0 | P23: 2 | Q23: 0 | R23: 0 | S23: 1 | T23: 0 | U23: 0 | V23: 1 | W23: 0 | X23: 0 | Y23: 0 | Z23: 0 | AA23: 0 | AB23: =SUM(E23:AA23) -> 12
D24: JML | E24: =SUM(E22:E23) -> 0 | F24: =SUM(F22:F23) -> 0 | G24: =SUM(G22:G23) -> 0 | H24: =SUM(H22:H23) -> 0 | I24: =SUM(I22:I23) -> 2 | J24: =SUM(J22:J23) -> 0 | K24: =SUM(K22:K23) -> 0 | L24: =SUM(L22:L23) -> 1 | ... AA24: =SUM(AA22:AA23) -> 0 | AB24: =SUM(E24:AA24) -> 21
B25: 3. | C25: Jumlah pengguna hak pilih dalam Daftar Pemilih Khusus (DPK) | D25: LK | E25: 1 | F25: 0 | G25: 0 | H25: 1 | I25: 1 | J25: 3 | K25: 0 | L25: 1 | M25: 0 | N25: 2 | O25: 6 | P25: 0 | Q25: 0 | R25: 7 | S25: 1 | T25: 1 | U25: 3 | V25: 3 | W25: 0 | X25: 3 | Y25: 0 | Z25: 4 | AA25: 0 | AB25: =SUM(E25:AA25) -> 37
D26: PR | E26: 0 | F26: 1 | G26: 1 | H26: 1 | I26: 0 | J26: 3 | K26: 0 | L26: 2 | M26: 0 | N26: 2 | O26: 3 | P26: 0 | Q26: 0 | R26: 6 | S26: 3 | T26: 1 | U26: 4 | V26: 6 | W26: 0 | X26: 2 | Y26: 0 | Z26: 5 | AA26: 1 | AB26: =SUM(E26:AA26) -> 41
D27: JML | E27: =SUM(E25:E26) -> 1 | F27: =SUM(F25:F26) -> 1 | G27: =SUM(G25:G26) -> 1 | H27: =SUM(H25:H26) -> 2 | I27: =SUM(I25:I26) -> 1 | J27: =SUM(J25:J26) -> 6 | K27: =SUM(K25:K26) -> 0 | L27: =SUM(L25:L26) -> 3 | ... AA27: =SUM(AA25:AA26) -> 1 | AB27: =SUM(E27:AA27) -> 78
B28: 4. | C28: Jumlah Pengguna Hak Pilih (B.1+B.2+B.3) | D28: LK | E28: =SUM(E19,E22,E25) -> 96 | F28: =SUM(F19,F22,F25) -> 118 | G28: =SUM(G19,G22,G25) -> 103 | H28: =SUM(H19,H22,H25) -> 101 | I28: =SUM(I19,I22,I25) -> 98 | J28: =SUM(J19,J22,J25) -> 99 | K28: =SUM(K19,K22,K25) -> 90 | L28: =SUM(L19,L22,L25) -> 88 | ... AA28: =SUM(AA19,AA22,AA25) -> 67 | AB28: =SUM(E28:AA28) -> 2216
D29: PR | E29: =SUM(E20,E23,E26) -> 117 | F29: =SUM(F20,F23,F26) -> 123 | G29: =SUM(G20,G23,G26) -> 107 | H29: =SUM(H20,H23,H26) -> 123 | I29: =SUM(I20,I23,I26) -> 116 | J29: =SUM(J20,J23,J26) -> 116 | K29: =SUM(K20,K23,K26) -> 93 | L29: =SUM(L20,L23,L26) -> 126 | ... AA29: =SUM(AA20,AA23,AA26) -> 81 | AB29: =SUM(E29:AA29) -> 2524
D30: JML | E30: =SUM(E28:E29) -> 213 | F30: =SUM(F28:F29) -> 241 | G30: =SUM(G28:G29) -> 210 | H30: =SUM(H28:H29) -> 224 | I30: =SUM(I28:I29) -> 214 | J30: =SUM(J28:J29) -> 215 | K30: =SUM(K28:K29) -> 183 | L30: =SUM(L28:L29) -> 214 | ... AA30: =SUM(AA28:AA29) -> 148 | AB30: =SUM(E30:AA30) -> 4740
A32: II | B32: DATA PENGGUNAAN SURAT SUARA
A33: 1 | B33: Jumlah surat suara yang diterima, termasuk surat suara cadangan 2,5% dari DPT | E33: 293 | F33: 290 | G33: 289 | H33: 288 | I33: 274 | J33: 267 | K33: 235 | L33: 284 | M33: 284 | N33: 273 | O33: 259 | P33: 273 | Q33: 286 | R33: 297 | S33: 296 | T33: 292 | U33: 286 | V33: 245 | W33: 293 | X33: 265 | Y33: 281 | Z33: 276 | AA33: 212 | AB33: =SUM(E33:AA33) -> 6338
A34: 2 | B34: Jumlah surat suara yang digunakan | E34: 213 | F34: 241 | G34: 210 | H34: 224 | I34: 214 | J34: 215 | K34: 183 | L34: 214 | M34: 189 | N34: 204 | O34: 187 | P34: 192 | Q34: 210 | R34: 241 | S34: 219 | T34: 207 | U34: 204 | V34: 212 | W34: 214 | X34: 192 | Y34: 201 | Z34: 206 | AA34: 148 | AB34: =SUM(E34:AA34) -> 4740
A35: 3 | B35: Jumlah surat suara dikembalikan oleh pemilih (karena rusak atau keliru coblos) | E35: 0 | F35: 0 | G35: 0 | H35: 0 | I35: 0 | J35: 0 | K35: 0 | L35: 1 | M35: 1 | N35: 0 | O35: 1 | P35: 1 | Q35: 0 | R35: 0 | S35: 0 | T35: 0 | U35: 0 | V35: 1 | W35: 0 | X35: 1 | Y35: 0 | Z35: 0 | AA35: 1 | AB35: =SUM(E35:AA35) -> 7
A36: 4 | B36: Jumlah surat suara yang tidak digunakan/tidak terpakai, termasuk sisa surat suara cadangan | E36: =E33-(E34+E35) -> 80 | F36: =F33-(F34+F35) -> 49 | G36: =G33-(G34+G35) -> 79 | H36: =H33-(H34+H35) -> 64 | I36: =I33-(I34+I35) -> 60 | J36: =J33-(J34+J35) -> 52 | K36: =K33-(K34+K35) -> 52 | L36: =L33-(L34+L35) -> 69 | ... AA36: =AA33-(AA34+AA35) -> 63 | AB36: =SUM(E36:AA36) -> 1591
A38: III | B38: DATA PEMILIH DISABILITAS
B39: Jumlah seluruh Pemilih disabilitas yang menggunakan hak pilih | D39: LK | E39: 0 | F39: 0 | G39: 0 | H39: 0 | I39: 0 | J39: 0 | K39: 0 | L39: 0 | M39: 0 | N39: 0 | O39: 0 | P39: 0 | Q39: 1 | R39: 0 | S39: 0 | T39: 0 | U39: 0 | V39: 2 | W39: 0 | X39: 0 | Y39: 0 | Z39: 0 | AA39: 0 | AB39: =SUM(E39:AA39) -> 3
D40: PR | E40: 0 | F40: 0 | G40: 0 | H40: 0 | I40: 0 | J40: 0 | K40: 0 | L40: 0 | M40: 0 | N40: 0 | O40: 0 | P40: 0 | Q40: 0 | R40: 0 | S40: 0 | T40: 0 | U40: 0 | V40: 1 | W40: 0 | X40: 0 | Y40: 0 | Z40: 0 | AA40: 0 | AB40: =SUM(E40:AA40) -> 1
D41: JML | E41: =SUM(E39:E40) -> 0 | F41: =SUM(F39:F40) -> 0 | G41: =SUM(G39:G40) -> 0 | H41: =SUM(H39:H40) -> 0 | I41: =SUM(I39:I40) -> 0 | J41: =SUM(J39:J40) -> 0 | K41: =SUM(K39:K40) -> 0 | L41: =SUM(L39:L40) -> 0 | ... AA41: =SUM(AA39:AA40) -> 0 | AB41: =SUM(E41:AA41) -> 4
A43: IV | B43: DATA RINCIAN PEROLEHAN SUARA PASANGAN CALON PRESIDEN DAN WAKIL BUPATI
A44: NOMOR DAN NAMA CALON
B45: 1 | C45: H. ANIES RASYID BASWEDAN, Ph.D. - Dr. (H.C.) H. A. MUHAIMIN ISKANDAR | E45: 23 | F45: 11 | G45: 24 | H45: 26 | I45: 28 | J45: 25 | K45: 16 | L45: 30 | M45: 34 | N45: 39 | O45: 33 | P45: 42 | Q45: 36 | R45: 29 | S45: 33 | T45: 18 | U45: 20 | V45: 26 | W45: 15 | X45: 22 | Y45: 22 | Z45: 20 | AA45: 3 | AB45: =SUM(E45:AA45) -> 575
B46: 2 | C46: H. PRABOWO SUBIANTO - GIBRAN RAKABUMING RAKA | E46: 141 | F46: 193 | G46: 148 | H46: 168 | I46: 147 | J46: 163 | K46: 140 | L46: 138 | M46: 121 | N46: 137 | O46: 133 | P46: 126 | Q46: 130 | R46: 180 | S46: 154 | T46: 171 | U46: 155 | V46: 150 | W46: 177 | X46: 143 | Y46: 155 | Z46: 174 | AA46: 116 | AB46: =SUM(E46:AA46) -> 3460
B47: 3 | C47: H. GANJAR PRANOWO, S.H., M.I.P. - Prof. Dr. H. M. MAHFUD MD | E47: 46 | F47: 29 | G47: 30 | H47: 29 | I47: 31 | J47: 22 | K47: 21 | L47: 42 | M47: 28 | N47: 26 | O47: 21 | P47: 21 | Q47: 35 | R47: 27 | S47: 27 | T47: 14 | U47: 25 | V47: 34 | W47: 17 | X47: 23 | Y47: 17 | Z47: 7 | AA47: 24 | AB47: =SUM(E47:AA47) -> 596
A49: V | B49: DATA SUARA SAH DAN TIDAK SAH
B50: A. | C50: JUMLAH SELURUH SUARA SAH | E50: =SUM(E45:E47) -> 210 | F50: =SUM(F45:F47) -> 233 | G50: =SUM(G45:G47) -> 202 | H50: =SUM(H45:H47) -> 223 | I50: =SUM(I45:I47) -> 206 | J50: =SUM(J45:J47) -> 210 | K50: =SUM(K45:K47) -> 177 | L50: =SUM(L45:L47) -> 210 | ... AA50: =SUM(AA45:AA47) -> 143 | AB50: =SUM(E50:AA50) -> 4631
B51: B. | C51: JUMLAH SUARA TIDAK SAH | E51: 3 | F51: 8 | G51: 8 | H51: 1 | I51: 8 | J51: 5 | K51: 6 | L51: 4 | M51: 6 | N51: 2 | O51: 0 | P51: 3 | Q51: 9 | R51: 5 | S51: 5 | T51: 4 | U51: 4 | V51: 2 | W51: 5 | X51: 4 | Y51: 7 | Z51: 5 | AA51: 5 | AB51: =SUM(E51:AA51) -> 109
B52: C. | C52: JUMLAH SELURUH SUARA SAH DAN SUARA TIDAK SAH (V.A + V.B) | E52: =SUM(E50:E51) -> 213 | F52: =SUM(F50:F51) -> 241 | G52: =SUM(G50:G51) -> 210 | H52: =SUM(H50:H51) -> 224 | I52: =SUM(I50:I51) -> 214 | J52: =SUM(J50:J51) -> 215 | K52: =SUM(K50:K51) -> 183 | L52: =SUM(L50:L51) -> 214 | ... AA52: =SUM(AA50:AA51) -> 148 | AB52: =SUM(E52:AA52) -> 4740

Sheet LATENG
C2: Kecamatan | D2: BANYUWANGI
C3: Kabupaten | D3: BANYUWANGI
C4: Provinsi | D4: JAWA TIMUR
C9: Kelurahan | D9: LATENG
A12: I | B12: DATA PEMILIH DAN PENGGUNAAN HAK PILIH | AD12: JUMLAH AKHIR
A13: A | B13: DATA PEMILIH | E13: TPS 001 | F13: TPS 002 | G13: TPS 003 | H13: TPS 004 | I13: TPS 005 | J13: TPS 006 | K13: TPS 007 | L13: TPS 008 | M13: TPS 009 | N13: TPS 010 | O13: TPS 011 | P13: TPS 012 | Q13: TPS 013 | R13: TPS 014 | S13: TPS 015 | T13: TPS 016 | U13: TPS 017 | V13: TPS 018 | W13: TPS 019 | X13: TPS 020 | Y13: TPS 021 | Z13: TPS 022 | AA13: TPS 023 | AB13: TPS 024 | AC13: TPS 025
B14: Jumlah Pemilih dalam Daftar Pemilih Tetap (DPT) | D14: LK | E14: 139 | F14: 140 | G14: 136 | H14: 118 | I14: 125 | J14: 145 | K14: 127 | L14: 112 | M14: 128 | N14: 109 | O14: 138 | P14: 143 | Q14: 141 | R14: 128 | S14: 134 | T14: 129 | U14: 112 | V14: 114 | W14: 117 | X14: 114 | Y14: 119 | Z14: 127 | AA14: 134 | AB14: 135 | AC14: 133 | AD14: =SUM(E14:AC14) -> 3197
D15: PR | E15: 133 | F15: 144 | G15: 148 | H15: 129 | I15: 136 | J15: 127 | K15: 121 | L15: 118 | M15: 134 | N15: 132 | O15: 142 | P15: 138 | Q15: 140 | R15: 133 | S15: 131 | T15: 135 | U15: 127 | V15: 117 | W15: 134 | X15: 128 | Y15: 136 | Z15: 130 | AA15: 146 | AB15: 124 | AC15: 138 | AD15: =SUM(E15:AC15) -> 3321
D16: JML | E16: =SUM(E14:E15) -> 272 | F16: =SUM(F14:F15) -> 284 | G16: =SUM(G14:G15) -> 284 | H16: =SUM(H14:H15) -> 247 | I16: =SUM(I14:I15) -> 261 | J16: =SUM(J14:J15) -> 272 | K16: =SUM(K14:K15) -> 248 | L16: =SUM(L14:L15) -> 230 | ... AC16: =SUM(AC14:AC15) -> 271 | AD16: =SUM(E16:AC16) -> 6518
A18: B | B18: PENGGUNA HAK PILIH
B19: 1. | C19: Jumlah pengguna hak pilih dalam Daftar Pemilih Tetap (DPT) | D19: LK | E19: 97 | F19: 98 | G19: 96 | H19: 85 | I19: 101 | J19: 118 | K19: 90 | L19: 79 | M19: 101 | N19: 77 | O19: 93 | P19: 104 | Q19: 117 | R19: 93 | S19: 105 | T19: 94 | U19: 77 | V19: 91 | W19: 90 | X19: 91 | Y19: 94 | Z19: 97 | AA19: 107 | AB19: 106 | AC19: 105 | AD19: =SUM(E19:AC19) -> 2406
D20: PR | E20: 104 | F20: 119 | G20: 119 | H20: 94 | I20: 111 | J20: 101 | K20: 92 | L20: 98 | M20: 115 | N20: 102 | O20: 108 | P20: 118 | Q20: 123 | R20: 100 | S20: 106 | T20: 104 | U20: 110 | V20: 90 | W20: 114 | X20: 108 | Y20: 101 | Z20: 112 | AA20: 114 | AB20: 106 | AC20: 99 | AD20: =SUM(E20:AC20) -> 2668
D21: JML | E21: =SUM(E19:E20) -> 201 | F21: =SUM(F19:F20) -> 217 | G21: =SUM(G19:G20) -> 215 | H21: =SUM(H19:H20) -> 179 | I21: =SUM(I19:I20) -> 212 | J21: =SUM(J19:J20) -> 219 | K21: =SUM(K19:K20) -> 182 | L21: =SUM(L19:L20) -> 177 | ... AC21: =SUM(AC19:AC20) -> 204 | AD21: =SUM(E21:AC21) -> 5074
B22: 2. | C22: Jumlah pengguna hak pilih dalam Daftar Pemilih Tambahan (DPTb) | D22: LK | E22: 0 | F22: 0 | G22: 1 | H22: 0 | I22: 1 | J22: 0 | K22: 0 | L22: 0 | M22: 0 | N22: 0 | O22: 0 | P22: 0 | Q22: 0 | R22: 0 | S22: 0 | T22: 1 | U22: 0 | V22: 0 | W22: 0 | X22: 0 | Y22: 0 | Z22: 0 | AA22: 0 | AB22: 2 | AC22: 0 | AD22: =SUM(E22:AC22) -> 5
D23: PR | E23: 0 | F23: 0 | G23: 0 | H23: 0 | I23: 1 | J23: 0 | K23: 1 | L23: 0 | M23: 0 | N23: 0 | O23: 1 | P23: 1 | Q23: 0 | R23: 0 | S23: 0 | T23: 0 | U23: 0 | V23: 0 | W23: 0 | X23: 0 | Y23: 0 | Z23: 1 | AA23: 0 | AB23: 1 | AC23: 0 | AD23: =SUM(E23:AC23) -> 6
D24: JML | E24: =SUM(E22:E23) -> 0 | F24: =SUM(F22:F23) -> 0 | G24: =SUM(G22:G23) -> 1 | H24: =SUM(H22:H23) -> 0 | I24: =SUM(I22:I23) -> 2 | J24: =SUM(J22:J23) -> 0 | K24: =SUM(K22:K23) -> 1 | L24: =SUM(L22:L23) -> 0 | ... AC24: =SUM(AC22:AC23) -> 0 | AD24: =SUM(E24:AC24) -> 11
B25: 3. | C25: Jumlah pengguna hak pilih dalam Daftar Pemilih Khusus (DPK) | D25: LK | E25: 2 | F25: 2 | G25: 0 | H25: 2 | I25: 0 | J25: 0 | K25: 1 | L25: 0 | M25: 0 | N25: 0 | O25: 1 | P25: 0 | Q25: 0 | R25: 0 | S25: 2 | T25: 0 | U25: 0 | V25: 0 | W25: 3 | X25: 2 | Y25: 1 | Z25: 4 | AA25: 2 | AB25: 2 | AC25: 0 | AD25: =SUM(E25:AC25) -> 24
D26: PR | E26: 3 | F26: 1 | G26: 0 | H26: 3 | I26: 2 | J26: 0 | K26: 2 | L26: 1 | M26: 3 | N26: 0 | O26: 1 | P26: 0 | Q26: 0 | R26: 3 | S26: 2 | T26: 3 | U26: 2 | V26: 0 | W26: 1 | X26: 1 | Y26: 0 | Z26: 1 | AA26: 4 | AB26: 3 | AC26: 3 | AD26: =SUM(E26:AC26) -> 39
D27: JML | E27: =SUM(E25:E26) -> 5 | F27: =SUM(F25:F26) -> 3 | G27: =SUM(G25:G26) -> 0 | H27: =SUM(H25:H26) -> 5 | I27: =SUM(I25:I26) -> 2 | J27: =SUM(J25:J26) -> 0 | K27: =SUM(K25:K26) -> 3 | L27: =SUM(L25:L26) -> 1 | ... AC27: =SUM(AC25:AC26) -> 3 | AD27: =SUM(E27:AC27) -> 63
B28: 4. | C28: Jumlah Pengguna Hak Pilih (B.1+B.2+B.3) | D28: LK | E28: =SUM(E19,E22,E25) -> 99 | F28: =SUM(F19,F22,F25) -> 100 | G28: =SUM(G19,G22,G25) -> 97 | H28: =SUM(H19,H22,H25) -> 87 | I28: =SUM(I19,I22,I25) -> 102 | J28: =SUM(J19,J22,J25) -> 118 | K28: =SUM(K19,K22,K25) -> 91 | L28: =SUM(L19,L22,L25) -> 79 | ... AC28: =SUM(AC19,AC22,AC25) -> 105 | AD28: =SUM(E28:AC28) -> 2435
D29: PR | E29: =SUM(E20,E23,E26) -> 107 | F29: =SUM(F20,F23,F26) -> 120 | G29: =SUM(G20,G23,G26) -> 119 | H29: =SUM(H20,H23,H26) -> 97 | I29: =SUM(I20,I23,I26) -> 114 | J29: =SUM(J20,J23,J26) -> 101 | K29: =SUM(K20,K23,K26) -> 95 | L29: =SUM(L20,L23,L26) -> 99 | ... AC29: =SUM(AC20,AC23,AC26) -> 102 | AD29: =SUM(E29:AC29) -> 2713
D30: JML | E30: =SUM(E28:E29) -> 206 | F30: =SUM(F28:F29) -> 220 | G30: =SUM(G28:G29) -> 216 | H30: =SUM(H28:H29) -> 184 | I30: =SUM(I28:I29) -> 216 | J30: =SUM(J28:J29) -> 219 | K30: =SUM(K28:K29) -> 186 | L30: =SUM(L28:L29) -> 178 | ... AC30: =SUM(AC28:AC29) -> 207 | AD30: =SUM(E30:AC30) -> 5148
A32: II | B32: DATA PENGGUNAAN SURAT SUARA
A33: 1 | B33: Jumlah surat suara yang diterima, termasuk surat suara cadangan 2% dari DPT | E33: 278 | F33: 290 | G33: 290 | H33: 252 | I33: 267 | J33: 278 | K33: 253 | L33: 235 | M33: 268 | N33: 246 | O33: 286 | P33: 287 | Q33: 288 | R33: 268 | S33: 271 | T33: 270 | U33: 219 | V33: 236 | W33: 257 | X33: 251 | Y33: 261 | Z33: 263 | AA33: 286 | AB33: 265 | AC33: 276 | AD33: =SUM(E33:AC33) -> 6641
A34: 2 | B34: Jumlah surat suara yang digunakan | E34: 206 | F34: 220 | G34: 216 | H34: 184 | I34: 216 | J34: 219 | K34: 186 | L34: 178 | M34: 219 | N34: 179 | O34: 204 | P34: 223 | Q34: 240 | R34: 196 | S34: 215 | T34: 202 | U34: 189 | V34: 181 | W34: 208 | X34: 202 | Y34: 196 | Z34: 215 | AA34: 227 | AB34: 220 | AC34: 207 | AD34: =SUM(E34:AC34) -> 5148
A35: 3 | B35: Jumlah surat suara dikembalikan oleh pemilih (karena rusak atau keliru coblos) | E35: 0 | F35: 0 | G35: 0 | H35: 0 | I35: 1 | J35: 2 | K35: 0 | L35: 0 | M35: 0 | N35: 0 | O35: 0 | P35: 0 | Q35: 0 | R35: 1 | S35: 0 | T35: 0 | U35: 0 | V35: 0 | W35: 0 | X35: 1 | Y35: 0 | Z35: 1 | AA35: 2 | AB35: 0 | AC35: 0 | AD35: =SUM(E35:AC35) -> 8
A36: 4 | B36: Jumlah surat suara yang tidak digunakan/tidak terpakai, termasuk sisa surat suara cadangan | E36: =E33-(E34+E35) -> 72 | F36: =F33-(F34+F35) -> 70 | G36: =G33-(G34+G35) -> 74 | H36: =H33-(H34+H35) -> 68 | I36: =I33-(I34+I35) -> 50 | J36: =J33-(J34+J35) -> 57 | K36: =K33-(K34+K35) -> 67 | L36: =L33-(L34+L35) -> 57 | ... AC36: =AC33-(AC34+AC35) -> 69 | AD36: =SUM(E36:AC36) -> 1485
A38: III | B38: DATA PEMILIH DISABILITAS
B39: Jumlah seluruh Pemilih disabilitas yang menggunakan hak pilih | D39: LK | E39: 1 | N39: 1 | R39: 2 | T39: 1 | Y39: 1 | AA39: 2 | AB39: 2 | AD39: =SUM(E39:AC39) -> 10
D40: PR | E40: 1 | K40: 1 | L40: 2 | R40: 2 | AA40: 1 | AB40: 1 | AD40: =SUM(E40:AC40) -> 8
D41: JML | E41: =SUM(E39:E40) -> 2 | F41: =SUM(F39:F40) -> 0 | G41: =SUM(G39:G40) -> 0 | H41: =SUM(H39:H40) -> 0 | I41: =SUM(I39:I40) -> 0 | J41: =SUM(J39:J40) -> 0 | K41: =SUM(K39:K40) -> 1 | L41: =SUM(L39:L40) -> 2 | ... AC41: =SUM(AC39:AC40) -> 0 | AD41: =SUM(E41:AC41) -> 18
A43: IV | B43: DATA RINCIAN PEROLEHAN SUARA PASANGAN CALON BUPATI DAN WAKIL BUPATI
A44: NOMOR DAN NAMA CALON
B45: 1 | C45: H. ANIES RASYID BASWEDAN, Ph.D. - Dr. (H.C.) H. A. MUHAIMIN ISKANDAR | E45: 41 | F45: 39 | G45: 35 | H45: 16 | I45: 23 | J45: 26 | K45: 52 | L45: 27 | M45: 46 | N45: 129 | O45: 142 | P45: 133 | Q45: 77 | R45: 74 | S45: 64 | T45: 120 | U45: 153 | V45: 114 | W45: 24 | X45: 18 | Y45: 30 | Z45: 51 | AA45: 34 | AB45: 41 | AC45: 37 | AD45: =SUM(E45:AC45) -> 1546
B46: 2 | C46: H. PRABOWO SUBIANTO - GIBRAN RAKABUMING RAKA | E46: 124 | F46: 141 | G46: 147 | H46: 124 | I46: 136 | J46: 147 | K46: 89 | L46: 114 | M46: 125 | N46: 42 | O46: 56 | P46: 79 | Q46: 126 | R46: 98 | S46: 113 | T46: 71 | U46: 31 | V46: 46 | W46: 148 | X46: 150 | Y46: 135 | Z46: 131 | AA46: 148 | AB46: 130 | AC46: 130 | AD46: =SUM(E46:AC46) -> 2781
B47: 3 | C47: H. GANJAR PRANOWO, S.H., M.I.P. - Prof. Dr. H. M. MAHFUD MD | E47: 35 | F47: 36 | G47: 30 | H47: 38 | I47: 55 | J47: 39 | K47: 40 | L47: 31 | M47: 44 | N47: 7 | O47: 5 | P47: 10 | Q47: 30 | R47: 20 | S47: 34 | T47: 9 | U47: 4 | V47: 18 | W47: 30 | X47: 24 | Y47: 28 | Z47: 27 | AA47: 42 | AB47: 44 | AC47: 37 | AD47: =SUM(E47:AC47) -> 717
A49: V | B49: DATA SUARA SAH DAN TIDAK SAH
B50: A. | C50: JUMLAH SELURUH SUARA SAH | E50: =SUM(E45:E47) -> 200 | F50: =SUM(F45:F47) -> 216 | G50: =SUM(G45:G47) -> 212 | H50: =SUM(H45:H47) -> 178 | I50: =SUM(I45:I47) -> 214 | J50: =SUM(J45:J47) -> 212 | K50: =SUM(K45:K47) -> 181 | L50: =SUM(L45:L47) -> 172 | ... AC50: =SUM(AC45:AC47) -> 204 | AD50: =SUM(E50:AC50) -> 5044
B51: B. | C51: JUMLAH SUARA TIDAK SAH | E51: 6 | F51: 4 | G51: 4 | H51: 6 | I51: 2 | J51: 7 | K51: 5 | L51: 6 | M51: 4 | N51: 1 | O51: 1 | P51: 1 | Q51: 7 | R51: 4 | S51: 4 | T51: 2 | U51: 1 | V51: 3 | W51: 6 | X51: 10 | Y51: 3 | Z51: 6 | AA51: 3 | AB51: 5 | AC51: 3 | AD51: =SUM(E51:AC51) -> 104
B52: C. | C52: JUMLAH SELURUH SUARA SAH DAN SUARA TIDAK SAH (V.A + V.B) | E52: =SUM(E50:E51) -> 206 | F52: =SUM(F50:F51) -> 220 | G52: =SUM(G50:G51) -> 216 | H52: =SUM(H50:H51) -> 184 | I52: =SUM(I50:I51) -> 216 | J52: =SUM(J50:J51) -> 219 | K52: =SUM(K50:K51) -> 186 | L52: =SUM(L50:L51) -> 178 | ... AC52: =SUM(AC50:AC51) -> 207 | AD52: =SUM(E52:AC52) -> 5148

Sheet PAKIS
C2: Kecamatan | D2: BANYUWANGI
C3: Kabupaten | D3: BANYUWANGI
C4: Provinsi | D4: JAWA TIMUR
C9: Kelurahan | D9: PAKIS
A12: I | B12: DATA PEMILIH DAN PENGGUNAAN HAK PILIH | T12: JUMLAH AKHIR
A13: A | B13: DATA PEMILIH | E13: TPS 001 | F13: TPS 002 | G13: TPS 003 | H13: TPS 004 | I13: TPS 005 | J13: TPS 006 | K13: TPS 007 | L13: TPS 008 | M13: TPS 009 | N13: TPS 010 | O13: TPS 011 | P13: TPS 012 | Q13: TPS 013 | R13: TPS 014 | S13: TPS 015
B14: Jumlah Pemilih dalam Daftar Pemilih Tetap (DPT) | D14: LK | E14: 129 | F14: 123 | G14: 107 | H14: 122 | I14: 121 | J14: 131 | K14: 124 | L14: 137 | M14: 122 | N14: 115 | O14: 134 | P14: 127 | Q14: 116 | R14: 131 | S14: 125 | T14: =SUM(E14:S14) -> 1864
D15: PR | E15: 134 | F15: 135 | G15: 138 | H15: 132 | I15: 137 | J15: 128 | K15: 129 | L15: 125 | M15: 128 | N15: 130 | O15: 119 | P15: 127 | Q15: 133 | R15: 124 | S15: 129 | T15: =SUM(E15:S15) -> 1948
D16: JML | E16: =SUM(E14:E15) -> 263 | F16: =SUM(F14:F15) -> 258 | G16: =SUM(G14:G15) -> 245 | H16: =SUM(H14:H15) -> 254 | I16: =SUM(I14:I15) -> 258 | J16: =SUM(J14:J15) -> 259 | K16: =SUM(K14:K15) -> 253 | L16: =SUM(L14:L15) -> 262 | ... S16: =SUM(S14:S15) -> 254 | T16: =SUM(E16:S16) -> 3812
A18: B | B18: PENGGUNA HAK PILIH
B19: 1. | C19: Jumlah pengguna hak pilih dalam Daftar Pemilih Tetap (DPT) | D19: LK | E19: 98 | F19: 96 | G19: 85 | H19: 95 | I19: 87 | J19: 101 | K19: 92 | L19: 109 | M19: 97 | N19: 88 | O19: 93 | P19: 80 | Q19: 83 | R19: 105 | S19: 92 | T19: =SUM(E19:S19) -> 1401
D20: PR | E20: 106 | F20: 108 | G20: 105 | H20: 104 | I20: 115 | J20: 101 | K20: 116 | L20: 109 | M20: 115 | N20: 113 | O20: 96 | P20: 96 | Q20: 106 | R20: 111 | S20: 101 | T20: =SUM(E20:S20) -> 1602
D21: JML | E21: =SUM(E19:E20) -> 204 | F21: =SUM(F19:F20) -> 204 | G21: =SUM(G19:G20) -> 190 | H21: =SUM(H19:H20) -> 199 | I21: =SUM(I19:I20) -> 202 | J21: =SUM(J19:J20) -> 202 | K21: =SUM(K19:K20) -> 208 | L21: =SUM(L19:L20) -> 218 | ... S21: =SUM(S19:S20) -> 193 | T21: =SUM(E21:S21) -> 3003
B22: 2. | C22: Jumlah pengguna hak pilih dalam Daftar Pemilih Tambahan (DPTb) | D22: LK | E22: 1 | F22: 0 | G22: 2 | H22: 0 | I22: 2 | J22: 0 | K22: 0 | L22: 0 | M22: 0 | N22: 0 | O22: 0 | P22: 0 | Q22: 0 | R22: 0 | S22: 1 | T22: =SUM(E22:S22) -> 6
D23: PR | E23: 2 | F23: 0 | G23: 2 | H23: 0 | I23: 0 | J23: 0 | K23: 0 | L23: 0 | M23: 4 | N23: 1 | O23: 0 | P23: 0 | Q23: 0 | R23: 1 | S23: 1 | T23: =SUM(E23:S23) -> 11
D24: JML | E24: =SUM(E22:E23) -> 3 | F24: =SUM(F22:F23) -> 0 | G24: =SUM(G22:G23) -> 4 | H24: =SUM(H22:H23) -> 0 | I24: =SUM(I22:I23) -> 2 | J24: =SUM(J22:J23) -> 0 | K24: =SUM(K22:K23) -> 0 | L24: =SUM(L22:L23) -> 0 | ... S24: =SUM(S22:S23) -> 2 | T24: =SUM(E24:S24) -> 17
B25: 3. | C25: Jumlah pengguna hak pilih dalam Daftar Pemilih Khusus (DPK) | D25: LK | E25: 2 | F25: 0 | G25: 2 | H25: 2 | I25: 0 | J25: 0 | K25: 3 | L25: 2 | M25: 2 | N25: 0 | O25: 2 | P25: 4 | Q25: 2 | R25: 0 | S25: 2 | T25: =SUM(E25:S25) -> 23
D26: PR | E26: 2 | F26: 0 | G26: 0 | H26: 2 | I26: 5 | J26: 1 | K26: 1 | L26: 0 | M26: 1 | N26: 0 | O26: 9 | P26: 3 | Q26: 0 | R26: 0 | S26: 3 | T26: =SUM(E26:S26) -> 27
D27: JML | E27: =SUM(E25:E26) -> 4 | F27: =SUM(F25:F26) -> 0 | G27: =SUM(G25:G26) -> 2 | H27: =SUM(H25:H26) -> 4 | I27: =SUM(I25:I26) -> 5 | J27: =SUM(J25:J26) -> 1 | K27: =SUM(K25:K26) -> 4 | L27: =SUM(L25:L26) -> 2 | ... S27: =SUM(S25:S26) -> 5 | T27: =SUM(E27:S27) -> 50
B28: 4. | C28: Jumlah Pengguna Hak Pilih (B.1+B.2+B.3) | D28: LK | E28: =SUM(E19,E22,E25) -> 101 | F28: =SUM(F19,F22,F25) -> 96 | G28: =SUM(G19,G22,G25) -> 89 | H28: =SUM(H19,H22,H25) -> 97 | I28: =SUM(I19,I22,I25) -> 89 | J28: =SUM(J19,J22,J25) -> 101 | K28: =SUM(K19,K22,K25) -> 95 | L28: =SUM(L19,L22,L25) -> 111 | ... S28: =SUM(S19,S22,S25) -> 95 | T28: =SUM(E28:S28) -> 1430
D29: PR | E29: =SUM(E20,E23,E26) -> 110 | F29: =SUM(F20,F23,F26) -> 108 | G29: =SUM(G20,G23,G26) -> 107 | H29: =SUM(H20,H23,H26) -> 106 | I29: =SUM(I20,I23,I26) -> 120 | J29: =SUM(J20,J23,J26) -> 102 | K29: =SUM(K20,K23,K26) -> 117 | L29: =SUM(L20,L23,L26) -> 109 | ... S29: =SUM(S20,S23,S26) -> 105 | T29: =SUM(E29:S29) -> 1640
D30: JML | E30: =SUM(E28:E29) -> 211 | F30: =SUM(F28:F29) -> 204 | G30: =SUM(G28:G29) -> 196 | H30: =SUM(H28:H29) -> 203 | I30: =SUM(I28:I29) -> 209 | J30: =SUM(J28:J29) -> 203 | K30: =SUM(K28:K29) -> 212 | L30: =SUM(L28:L29) -> 220 | ... S30: =SUM(S28:S29) -> 200 | T30: =SUM(E30:S30) -> 3070
A32: II | B32: DATA PENGGUNAAN SURAT SUARA
A33: 1 | B33: Jumlah surat suara yang diterima, termasuk surat suara cadangan 2,5% dari DPT | E33: 269 | F33: 265 | G33: 250 | H33: 260 | I33: 259 | J33: 269 | K33: 259 | L33: 270 | M33: 255 | N33: 249 | O33: 259 | P33: 260 | Q33: 254 | R33: 261 | S33: 260 | T33: =SUM(E33:S33) -> 3899
A34: 2 | B34: Jumlah surat suara yang digunakan | E34: 211 | F34: 204 | G34: 196 | H34: 203 | I34: 209 | J34: 203 | K34: 212 | L34: 220 | M34: 219 | N34: 202 | O34: 200 | P34: 183 | Q34: 191 | R34: 217 | S34: 200 | T34: =SUM(E34:S34) -> 3070
A35: 3 | B35: Jumlah surat suara dikembalikan oleh pemilih (karena rusak atau keliru coblos) | E35: 0 | F35: 1 | G35: 0 | H35: 0 | I35: 0 | J35: 2 | K35: 3 | L35: 0 | M35: 0 | N35: 0 | O35: 1 | P35: 0 | Q35: 0 | R35: 0 | S35: 1 | T35: =SUM(E35:S35) -> 8
A36: 4 | B36: Jumlah surat suara yang tidak digunakan/tidak terpakai, termasuk sisa surat suara cadangan | E36: =E33-(E34+E35) -> 58 | F36: =F33-(F34+F35) -> 60 | G36: =G33-(G34+G35) -> 54 | H36: =H33-(H34+H35) -> 57 | I36: =I33-(I34+I35) -> 50 | J36: =J33-(J34+J35) -> 64 | K36: =K33-(K34+K35) -> 44 | L36: =L33-(L34+L35) -> 50 | ... S36: =S33-(S34+S35) -> 59 | T36: =SUM(E36:S36) -> 821
A38: III | B38: DATA PEMILIH DISABILITAS
B39: Jumlah seluruh Pemilih disabilitas yang menggunakan hak pilih | D39: LK | E39: 2 | G39: 1 | S39: 4 | T39: =SUM(E39:S39) -> 7
D40: PR | G40: 3 | S40: 3 | T40: =SUM(E40:S40) -> 6
D41: JML | E41: =SUM(E39:E40) -> 2 | F41: =SUM(F39:F40) -> 0 | G41: =SUM(G39:G40) -> 4 | H41: =SUM(H39:H40) -> 0 | I41: =SUM(I39:I40) -> 0 | J41: =SUM(J39:J40) -> 0 | K41: =SUM(K39:K40) -> 0 | L41: =SUM(L39:L40) -> 0 | ... S41: =SUM(S39:S40) -> 7 | T41: =SUM(E41:S41) -> 13
A43: IV | B43: DATA RINCIAN PEROLEHAN SUARA PASANGAN CALON BUPATI DAN WAKIL BUPATI
A44: NOMOR DAN NAMA CALON
B45: 1 | C45: H. ANIES RASYID BASWEDAN, Ph.D. - Dr. (H.C.) H. A. MUHAIMIN ISKANDAR | E45: 53 | F45: 35 | G45: 63 | H45: 44 | I45: 53 | J45: 60 | K45: 107 | L45: 95 | M45: 78 | N45: 67 | O45: 68 | P45: 32 | Q45: 30 | R45: 13 | S45: 23 | T45: =SUM(E45:S45) -> 821
B46: 2 | C46: H. PRABOWO SUBIANTO - GIBRAN RAKABUMING RAKA | E46: 136 | F46: 141 | G46: 103 | H46: 112 | I46: 145 | J46: 121 | K46: 90 | L46: 112 | M46: 131 | N46: 122 | O46: 111 | P46: 122 | Q46: 126 | R46: 148 | S46: 146 | T46: =SUM(E46:S46) -> 1866
B47: 3 | C47: H. GANJAR PRANOWO, S.H., M.I.P. - Prof. Dr. H. M. MAHFUD MD | E47: 17 | F47: 24 | G47: 26 | H47: 40 | I47: 7 | J47: 15 | K47: 13 | L47: 9 | M47: 10 | N47: 10 | O47: 20 | P47: 26 | Q47: 29 | R47: 43 | S47: 18 | T47: =SUM(E47:S47) -> 307
A49: V | B49: DATA SUARA SAH DAN TIDAK SAH
B50: A. | C50: JUMLAH SELURUH SUARA SAH | E50: =SUM(E45:E47) -> 206 | F50: =SUM(F45:F47) -> 200 | G50: =SUM(G45:G47) -> 192 | H50: =SUM(H45:H47) -> 196 | I50: =SUM(I45:I47) -> 205 | J50: =SUM(J45:J47) -> 196 | K50: =SUM(K45:K47) -> 210 | L50: =SUM(L45:L47) -> 216 | ... S50: =SUM(S45:S47) -> 187 | T50: =SUM(E50:S50) -> 2994
B51: B. | C51: JUMLAH SUARA TIDAK SAH | E51: 5 | F51: 4 | G51: 4 | H51: 7 | I51: 4 | J51: 7 | K51: 2 | L51: 4 | M51: 0 | N51: 3 | O51: 1 | P51: 3 | Q51: 6 | R51: 13 | S51: 13 | T51: =SUM(E51:S51) -> 76
B52: C. | C52: JUMLAH SELURUH SUARA SAH DAN SUARA TIDAK SAH (V.A + V.B) | E52: =SUM(E50:E51) -> 211 | F52: =SUM(F50:F51) -> 204 | G52: =SUM(G50:G51) -> 196 | H52: =SUM(H50:H51) -> 203 | I52: =SUM(I50:I51) -> 209 | J52: =SUM(J50:J51) -> 203 | K52: =SUM(K50:K51) -> 212 | L52: =SUM(L50:L51) -> 220 | ... S52: =SUM(S50:S51) -> 200 | T52: =SUM(E52:S52) -> 3070

Sheet PANDEREJO
C2: Kecamatan | D2: BANYUWANGI
C3: Kabupaten | D3: BANYUWANGI
C4: Provinsi | D4: JAWA TIMUR
C9: Kelurahan | D9: PANDEREJO
A12: I | B12: DATA PEMILIH DAN PENGGUNAAN HAK PILIH | R12: JUMLAH AKHIR
A13: A | B13: DATA PEMILIH | E13: TPS 001 | F13: TPS 002 | G13: TPS 003 | H13: TPS 004 | I13: TPS 005 | J13: TPS 006 | K13: TPS 007 | L13: TPS 008 | M13: TPS 009 | N13: TPS 010 | O13: TPS 011 | P13: TPS 012 | Q13: TPS 013
B14: Jumlah Pemilih dalam Daftar Pemilih Tetap (DPT) | D14: LK | E14: 141 | F14: 119 | G14: 124 | H14: 130 | I14: 134 | J14: 137 | K14: 100 | L14: 114 | M14: 134 | N14: 120 | O14: 81 | P14: 92 | Q14: 78 | R14: =SUM(E14:Q14) -> 1504
D15: PR | E15: 149 | F15: 116 | G15: 143 | H15: 157 | I15: 129 | J15: 138 | K15: 107 | L15: 125 | M15: 144 | N15: 126 | O15: 87 | P15: 105 | Q15: 84 | R15: =SUM(E15:Q15) -> 1610
D16: JML | E16: =SUM(E14:E15) -> 290 | F16: =SUM(F14:F15) -> 235 | G16: =SUM(G14:G15) -> 267 | H16: =SUM(H14:H15) -> 287 | I16: =SUM(I14:I15) -> 263 | J16: =SUM(J14:J15) -> 275 | K16: =SUM(K14:K15) -> 207 | L16: =SUM(L14:L15) -> 239 | ... Q16: =SUM(Q14:Q15) -> 162 | R16: =SUM(E16:Q16) -> 3114
A18: B | B18: PENGGUNA HAK PILIH
B19: 1. | C19: Jumlah pengguna hak pilih dalam Daftar Pemilih Tetap (DPT) | D19: LK | E19: 93 | F19: 95 | G19: 83 | H19: 91 | I19: 103 | J19: 90 | K19: 62 | L19: 95 | M19: 100 | N19: 96 | O19: 59 | P19: 74 | Q19: 58 | R19: =SUM(E19:Q19) -> 1099
D20: PR | E20: 109 | F20: 94 | G20: 106 | H20: 111 | I20: 104 | J20: 112 | K20: 80 | L20: 105 | M20: 108 | N20: 107 | O20: 75 | P20: 84 | Q20: 60 | R20: =SUM(E20:Q20) -> 1255
D21: JML | E21: =SUM(E19:E20) -> 202 | F21: =SUM(F19:F20) -> 189 | G21: =SUM(G19:G20) -> 189 | H21: =SUM(H19:H20) -> 202 | I21: =SUM(I19:I20) -> 207 | J21: =SUM(J19:J20) -> 202 | K21: =SUM(K19:K20) -> 142 | L21: =SUM(L19:L20) -> 200 | ... Q21: =SUM(Q19:Q20) -> 118 | R21: =SUM(E21:Q21) -> 2354
B22: 2. | C22: Jumlah pengguna hak pilih dalam Daftar Pemilih Tambahan (DPTb) | D22: LK | E22: 0 | F22: 0 | G22: 0 | H22: 0 | I22: 2 | J22: 0 | K22: 0 | L22: 0 | M22: 0 | N22: 1 | O22: 1 | P22: 0 | Q22: 0 | R22: =SUM(E22:Q22) -> 4
D23: PR | E23: 0 | F23: 2 | G23: 0 | H23: 0 | I23: 3 | J23: 0 | K23: 0 | L23: 0 | M23: 2 | N23: 0 | O23: 1 | P23: 0 | Q23: 0 | R23: =SUM(E23:Q23) -> 8
D24: JML | E24: =SUM(E22:E23) -> 0 | F24: =SUM(F22:F23) -> 2 | G24: =SUM(G22:G23) -> 0 | H24: =SUM(H22:H23) -> 0 | I24: =SUM(I22:I23) -> 5 | J24: =SUM(J22:J23) -> 0 | K24: =SUM(K22:K23) -> 0 | L24: =SUM(L22:L23) -> 0 | ... Q24: =SUM(Q22:Q23) -> 0 | R24: =SUM(E24:Q24) -> 12
B25: 3. | C25: Jumlah pengguna hak pilih dalam Daftar Pemilih Khusus (DPK) | D25: LK | E25: 1 | F25: 1 | G25: 0 | H25: 2 | I25: 0 | J25: 1 | K25: 2 | L25: 0 | M25: 3 | N25: 3 | O25: 0 | P25: 0 | Q25: 3 | R25: =SUM(E25:Q25) -> 16
D26: PR | E26: 2 | F26: 0 | G26: 0 | H26: 1 | I26: 0 | J26: 1 | K26: 0 | L26: 1 | M26: 4 | N26: 1 | O26: 3 | P26: 0 | Q26: 3 | R26: =SUM(E26:Q26) -> 16
D27: JML | E27: =SUM(E25:E26) -> 3 | F27: =SUM(F25:F26) -> 1 | G27: =SUM(G25:G26) -> 0 | H27: =SUM(H25:H26) -> 3 | I27: =SUM(I25:I26) -> 0 | J27: =SUM(J25:J26) -> 2 | K27: =SUM(K25:K26) -> 2 | L27: =SUM(L25:L26) -> 1 | ... Q27: =SUM(Q25:Q26) -> 6 | R27: =SUM(E27:Q27) -> 32
B28: 4. | C28: Jumlah Pengguna Hak Pilih (B.1+B.2+B.3) | D28: LK | E28: =SUM(E19,E22,E25) -> 94 | F28: =SUM(F19,F22,F25) -> 96 | G28: =SUM(G19,G22,G25) -> 83 | H28: =SUM(H19,H22,H25) -> 93 | I28: =SUM(I19,I22,I25) -> 105 | J28: =SUM(J19,J22,J25) -> 91 | K28: =SUM(K19,K22,K25) -> 64 | L28: =SUM(L19,L22,L25) -> 95 | ... Q28: =SUM(Q19,Q22,Q25) -> 61 | R28: =SUM(E28:Q28) -> 1119
D29: PR | E29: =SUM(E20,E23,E26) -> 111 | F29: =SUM(F20,F23,F26) -> 96 | G29: =SUM(G20,G23,G26) -> 106 | H29: =SUM(H20,H23,H26) -> 112 | I29: =SUM(I20,I23,I26) -> 107 | J29: =SUM(J20,J23,J26) -> 113 | K29: =SUM(K20,K23,K26) -> 80 | L29: =SUM(L20,L23,L26) -> 106 | ... Q29: =SUM(Q20,Q23,Q26) -> 63 | R29: =SUM(E29:Q29) -> 1279
D30: JML | E30: =SUM(E28:E29) -> 205 | F30: =SUM(F28:F29) -> 192 | G30: =SUM(G28:G29) -> 189 | H30: =SUM(H28:H29) -> 205 | I30: =SUM(I28:I29) -> 212 | J30: =SUM(J28:J29) -> 204 | K30: =SUM(K28:K29) -> 144 | L30: =SUM(L28:L29) -> 201 | ... Q30: =SUM(Q28:Q29) -> 124 | R30: =SUM(E30:Q30) -> 2398
A32: II | B32: DATA PENGGUNAAN SURAT SUARA
A33: 1 | B33: Jumlah surat suara yang diterima, termasuk surat suara cadangan 2,5% dari DPT | E33: 296 | F33: 240 | G33: 270 | H33: 294 | I33: 269 | J33: 281 | K33: 209 | L33: 239 | M33: 284 | N33: 251 | O33: 169 | P33: 197 | Q33: 161 | R33: =SUM(E33:Q33) -> 3160
A34: 2 | B34: Jumlah surat suara yang digunakan | E34: 205 | F34: 192 | G34: 189 | H34: 205 | I34: 212 | J34: 204 | K34: 144 | L34: 201 | M34: 217 | N34: 208 | O34: 139 | P34: 158 | Q34: 124 | R34: =SUM(E34:Q34) -> 2398
A35: 3 | B35: Jumlah surat suara dikembalikan oleh pemilih (karena rusak atau keliru coblos) | E35: 0 | F35: 1 | G35: 0 | H35: 1 | I35: 0 | J35: 0 | K35: 0 | L35: 0 | M35: 0 | N35: 0 | O35: 1 | P35: 0 | Q35: 0 | R35: =SUM(E35:Q35) -> 3
A36: 4 | B36: Jumlah surat suara yang tidak digunakan/tidak terpakai, termasuk sisa surat suara cadangan | E36: =E33-(E34+E35) -> 91 | F36: =F33-(F34+F35) -> 47 | G36: =G33-(G34+G35) -> 81 | H36: =H33-(H34+H35) -> 88 | I36: =I33-(I34+I35) -> 57 | J36: =J33-(J34+J35) -> 77 | K36: =K33-(K34+K35) -> 65 | L36: =L33-(L34+L35) -> 38 | ... Q36: =Q33-(Q34+Q35) -> 37 | R36: =SUM(E36:Q36) -> 759
A38: III | B38: DATA PEMILIH DISABILITAS
B39: Jumlah seluruh Pemilih disabilitas yang menggunakan hak pilih | D39: LK | E39: 0 | F39: 0 | G39: 0 | H39: 0 | I39: 1 | J39: 2 | K39: 0 | L39: 0 | M39: 0 | N39: 0 | O39: 0 | P39: 0 | Q39: 0 | R39: =SUM(E39:Q39) -> 3
D40: PR | E40: 0 | F40: 0 | G40: 0 | H40: 0 | I40: 0 | J40: 0 | K40: 0 | L40: 0 | M40: 1 | N40: 0 | O40: 1 | P40: 0 | Q40: 0 | R40: =SUM(E40:Q40) -> 2
D41: JML | E41: =SUM(E39:E40) -> 0 | F41: =SUM(F39:F40) -> 0 | G41: =SUM(G39:G40) -> 0 | H41: =SUM(H39:H40) -> 0 | I41: =SUM(I39:I40) -> 1 | J41: =SUM(J39:J40) -> 2 | K41: =SUM(K39:K40) -> 0 | L41: =SUM(L39:L40) -> 0 | ... Q41: =SUM(Q39:Q40) -> 0 | R41: =SUM(E41:Q41) -> 5
A43: IV | B43: DATA RINCIAN PEROLEHAN SUARA PASANGAN CALON BUPATI DAN WAKIL BUPATI
A44: NOMOR DAN NAMA CALON
B45: 1 | C45: H. ANIES RASYID BASWEDAN, Ph.D. - Dr. (H.C.) H. A. MUHAIMIN ISKANDAR | E45: 34 | F45: 16 | G45: 36 | H45: 60 | I45: 51 | J45: 53 | K45: 28 | L45: 39 | M45: 26 | N45: 52 | O45: 18 | P45: 29 | Q45: 27 | R45: =SUM(E45:Q45) -> 469
B46: 2 | C46: H. PRABOWO SUBIANTO - GIBRAN RAKABUMING RAKA | E46: 141 | F46: 132 | G46: 113 | H46: 115 | I46: 137 | J46: 127 | K46: 96 | L46: 134 | M46: 164 | N46: 120 | O46: 95 | P46: 112 | Q46: 63 | R46: =SUM(E46:Q46) -> 1549
B47: 3 | C47: H. GANJAR PRANOWO, S.H., M.I.P. - Prof. Dr. H. M. MAHFUD MD | E47: 25 | F47: 40 | G47: 37 | H47: 23 | I47: 22 | J47: 22 | K47: 20 | L47: 18 | M47: 26 | N47: 34 | O47: 22 | P47: 14 | Q47: 33 | R47: =SUM(E47:Q47) -> 336
A49: V | B49: DATA SUARA SAH DAN TIDAK SAH
B50: A. | C50: JUMLAH SELURUH SUARA SAH | E50: =SUM(E45:E47) -> 200 | F50: =SUM(F45:F47) -> 188 | G50: =SUM(G45:G47) -> 186 | H50: =SUM(H45:H47) -> 198 | I50: =SUM(I45:I47) -> 210 | J50: =SUM(J45:J47) -> 202 | K50: =SUM(K45:K47) -> 144 | L50: =SUM(L45:L47) -> 191 | ... Q50: =SUM(Q45:Q47) -> 123 | R50: =SUM(E50:Q50) -> 2354
B51: B. | C51: JUMLAH SUARA TIDAK SAH | E51: 5 | F51: 4 | G51: 3 | H51: 7 | I51: 2 | J51: 2 | K51: 0 | L51: 10 | M51: 1 | N51: 2 | O51: 4 | P51: 3 | Q51: 1 | R51: =SUM(E51:Q51) -> 44
B52: C. | C52: JUMLAH SELURUH SUARA SAH DAN SUARA TIDAK SAH (V.A + V.B) | E52: =SUM(E50:E51) -> 205 | F52: =SUM(F50:F51) -> 192 | G52: =SUM(G50:G51) -> 189 | H52: =SUM(H50:H51) -> 205 | I52: =SUM(I50:I51) -> 212 | J52: =SUM(J50:J51) -> 204 | K52: =SUM(K50:K51) -> 144 | L52: =SUM(L50:L51) -> 201 | ... Q52: =SUM(Q50:Q51) -> 124 | R52: =SUM(E52:Q52) -> 2398

Sheet PENGANJURAN
C2: Kecamatan | D2: BANYUWANGI
C3: Kabupaten | D3: BANYUWANGI
C4: Provinsi | D4: JAWA TIMUR
C9: Kelurahan | D9: PENGANJURAN
A12: I | B12: DATA PEMILIH DAN PENGGUNAAN HAK PILIH | T12: JUMLAH AKHIR
A13: A | B13: DATA PEMILIH | E13: TPS 001 | F13: TPS 002 | G13: TPS 003 | H13: TPS 004 | I13: TPS 005 | J13: TPS 006 | K13: TPS 007 | L13: TPS 008 | M13: TPS 009 | N13: TPS 010 | O13: TPS 011 | P13: TPS 012 | Q13: TPS 013 | R13: TPS 014 | S13: TPS 015
B14: Jumlah Pemilih dalam Daftar Pemilih Tetap (DPT) | D14: LK | E14: 136 | F14: 149 | G14: 144 | H14: 143 | I14: 141 | J14: 130 | K14: 140 | L14: 131 | M14: 129 | N14: 143 | O14: 148 | P14: 122 | Q14: 140 | R14: 140 | S14: 129 | T14: =SUM(E14:S14) -> 2065
D15: PR | E15: 157 | F15: 146 | G15: 131 | H15: 153 | I15: 147 | J15: 159 | K15: 147 | L15: 150 | M15: 159 | N15: 156 | O15: 140 | P15: 145 | Q15: 154 | R15: 140 | S15: 161 | T15: =SUM(E15:S15) -> 2245
D16: JML | E16: =SUM(E14:E15) -> 293 | F16: =SUM(F14:F15) -> 295 | G16: =SUM(G14:G15) -> 275 | H16: =SUM(H14:H15) -> 296 | I16: =SUM(I14:I15) -> 288 | J16: =SUM(J14:J15) -> 289 | K16: =SUM(K14:K15) -> 287 | L16: =SUM(L14:L15) -> 281 | ... S16: =SUM(S14:S15) -> 290 | T16: =SUM(E16:S16) -> 4310
A18: B | B18: PENGGUNA HAK PILIH
B19: 1. | C19: Jumlah pengguna hak pilih dalam Daftar Pemilih Tetap (DPT) | D19: LK | E19: 96 | F19: 105 | G19: 100 | H19: 106 | I19: 95 | J19: 93 | K19: 106 | L19: 83 | M19: 98 | N19: 90 | O19: 110 | P19: 89 | Q19: 105 | R19: 92 | S19: 90 | T19: =SUM(E19:S19) -> 1458
D20: PR | E20: 118 | F20: 114 | G20: 101 | H20: 131 | I20: 109 | J20: 126 | K20: 115 | L20: 114 | M20: 121 | N20: 115 | O20: 112 | P20: 116 | Q20: 126 | R20: 113 | S20: 123 | T20: =SUM(E20:S20) -> 1754
D21: JML | E21: =SUM(E19:E20) -> 214 | F21: =SUM(F19:F20) -> 219 | G21: =SUM(G19:G20) -> 201 | H21: =SUM(H19:H20) -> 237 | I21: =SUM(I19:I20) -> 204 | J21: =SUM(J19:J20) -> 219 | K21: =SUM(K19:K20) -> 221 | L21: =SUM(L19:L20) -> 197 | ... S21: =SUM(S19:S20) -> 213 | T21: =SUM(E21:S21) -> 3212
B22: 2. | C22: Jumlah pengguna hak pilih dalam Daftar Pemilih Tambahan (DPTb) | D22: LK | E22: 0 | F22: 0 | G22: 0 | H22: 1 | I22: 10 | J22: 1 | K22: 4 | L22: 0 | M22: 0 | N22: 9 | O22: 0 | P22: 0 | Q22: 1 | R22: 1 | S22: 2 | T22: =SUM(E22:S22) -> 29
D23: PR | E23: 0 | F23: 1 | G23: 0 | H23: 2 | I23: 4 | J23: 1 | K23: 1 | L23: 0 | M23: 0 | N23: 9 | O23: 0 | P23: 1 | Q23: 1 | R23: 0 | S23: 0 | T23: =SUM(E23:S23) -> 20
D24: JML | E24: =SUM(E22:E23) -> 0 | F24: =SUM(F22:F23) -> 1 | G24: =SUM(G22:G23) -> 0 | H24: =SUM(H22:H23) -> 3 | I24: =SUM(I22:I23) -> 14 | J24: =SUM(J22:J23) -> 2 | K24: =SUM(K22:K23) -> 5 | L24: =SUM(L22:L23) -> 0 | ... S24: =SUM(S22:S23) -> 2 | T24: =SUM(E24:S24) -> 49
B25: 3. | C25: Jumlah pengguna hak pilih dalam Daftar Pemilih Khusus (DPK) | D25: LK | E25: 3 | F25: 0 | G25: 1 | H25: 0 | I25: 1 | J25: 0 | K25: 0 | L25: 1 | M25: 1 | N25: 1 | O25: 4 | P25: 0 | Q25: 1 | R25: 3 | S25: 2 | T25: =SUM(E25:S25) -> 18
D26: PR | E26: 2 | F26: 1 | G26: 1 | H26: 0 | I26: 3 | J26: 2 | K26: 1 | L26: 1 | M26: 1 | N26: 0 | O26: 6 | P26: 4 | Q26: 1 | R26: 2 | S26: 2 | T26: =SUM(E26:S26) -> 27
D27: JML | E27: =SUM(E25:E26) -> 5 | F27: =SUM(F25:F26) -> 1 | G27: =SUM(G25:G26) -> 2 | H27: =SUM(H25:H26) -> 0 | I27: =SUM(I25:I26) -> 4 | J27: =SUM(J25:J26) -> 2 | K27: =SUM(K25:K26) -> 1 | L27: =SUM(L25:L26) -> 2 | ... S27: =SUM(S25:S26) -> 4 | T27: =SUM(E27:S27) -> 45
B28: 4. | C28: Jumlah Pengguna Hak Pilih (B.1+B.2+B.3) | D28: LK | E28: =SUM(E19,E22,E25) -> 99 | F28: =SUM(F19,F22,F25) -> 105 | G28: =SUM(G19,G22,G25) -> 101 | H28: =SUM(H19,H22,H25) -> 107 | I28: =SUM(I19,I22,I25) -> 106 | J28: =SUM(J19,J22,J25) -> 94 | K28: =SUM(K19,K22,K25) -> 110 | L28: =SUM(L19,L22,L25) -> 84 | ... S28: =SUM(S19,S22,S25) -> 94 | T28: =SUM(E28:S28) -> 1505
D29: PR | E29: =SUM(E20,E23,E26) -> 120 | F29: =SUM(F20,F23,F26) -> 116 | G29: =SUM(G20,G23,G26) -> 102 | H29: =SUM(H20,H23,H26) -> 133 | I29: =SUM(I20,I23,I26) -> 116 | J29: =SUM(J20,J23,J26) -> 129 | K29: =SUM(K20,K23,K26) -> 117 | L29: =SUM(L20,L23,L26) -> 115 | ... S29: =SUM(S20,S23,S26) -> 125 | T29: =SUM(E29:S29) -> 1801
D30: JML | E30: =SUM(E28:E29) -> 219 | F30: =SUM(F28:F29) -> 221 | G30: =SUM(G28:G29) -> 203 | H30: =SUM(H28:H29) -> 240 | I30: =SUM(I28:I29) -> 222 | J30: =SUM(J28:J29) -> 223 | K30: =SUM(K28:K29) -> 227 | L30: =SUM(L28:L29) -> 199 | ... S30: =SUM(S28:S29) -> 219 | T30: =SUM(E30:S30) -> 3306
A32: II | B32: DATA PENGGUNAAN SURAT SUARA
A33: 1 | B33: Jumlah surat suara yang diterima, termasuk surat suara cadangan 2,5% dari DPT | E33: 299 | F33: 301 | G33: 281 | H33: 252 | I33: 294 | J33: 295 | K33: 293 | L33: 287 | M33: 294 | N33: 305 | O33: 294 | P33: 273 | Q33: 301 | R33: 287 | S33: 294 | T33: =SUM(E33:S33) -> 4350
A34: 2 | B34: Jumlah surat suara yang digunakan | E34: 219 | F34: 221 | G34: 203 | H34: 240 | I34: 222 | J34: 223 | K34: 227 | L34: 199 | M34: 221 | N34: 224 | O34: 232 | P34: 210 | Q34: 235 | R34: 211 | S34: 219 | T34: =SUM(E34:S34) -> 3306
A35: 3 | B35: Jumlah surat suara dikembalikan oleh pemilih (karena rusak atau keliru coblos) | E35: 2 | F35: 0 | G35: 0 | H35: 1 | I35: 2 | J35: 0 | K35: 0 | L35: 5 | M35: 1 | N35: 0 | O35: 0 | P35: 0 | Q35: 1 | R35: 0 | S35: 0 | T35: =SUM(E35:S35) -> 12
A36: 4 | B36: Jumlah surat suara yang tidak digunakan/tidak terpakai, termasuk sisa surat suara cadangan | E36: =E33-(E34+E35) -> 78 | F36: =F33-(F34+F35) -> 80 | G36: =G33-(G34+G35) -> 78 | H36: =H33-(H34+H35) -> 11 | I36: =I33-(I34+I35) -> 70 | J36: =J33-(J34+J35) -> 72 | K36: =K33-(K34+K35) -> 66 | L36: =L33-(L34+L35) -> 83 | ... S36: =S33-(S34+S35) -> 75 | T36: =SUM(E36:S36) -> 1032
A38: III | B38: DATA PEMILIH DISABILITAS
B39: Jumlah seluruh Pemilih disabilitas yang menggunakan hak pilih | D39: LK | E39: 0 | F39: 0 | G39: 0 | H39: 0 | I39: 0 | J39: 0 | K39: 0 | L39: 0 | M39: 1 | N39: 0 | O39: 0 | P39: 0 | Q39: 0 | R39: 0 | S39: 0 | T39: =SUM(E39:S39) -> 1
D40: PR | E40: 0 | F40: 0 | G40: 0 | H40: 0 | I40: 0 | J40: 0 | K40: 0 | L40: 0 | M40: 0 | N40: 0 | O40: 0 | P40: 0 | Q40: 0 | R40: 0 | S40: 0 | T40: =SUM(E40:S40) -> 0
D41: JML | E41: =SUM(E39:E40) -> 0 | F41: =SUM(F39:F40) -> 0 | G41: =SUM(G39:G40) -> 0 | H41: =SUM(H39:H40) -> 0 | I41: =SUM(I39:I40) -> 0 | J41: =SUM(J39:J40) -> 0 | K41: =SUM(K39:K40) -> 0 | L41: =SUM(L39:L40) -> 0 | ... S41: =SUM(S39:S40) -> 0 | T41: =SUM(E41:S41) -> 1
A43: IV | B43: DATA RINCIAN PEROLEHAN SUARA PASANGAN CALON BUPATI DAN WAKIL BUPATI
A44: NOMOR DAN NAMA CALON
B45: 1 | C45: H. ANIES RASYID BASWEDAN, Ph.D. - Dr. (H.C.) H. A. MUHAIMIN ISKANDAR | E45: 42 | F45: 24 | G45: 46 | H45: 35 | I45: 35 | J45: 49 | K45: 37 | L45: 35 | M45: 46 | N45: 46 | O45: 50 | P45: 55 | Q45: 37 | R45: 25 | S45: 28 | T45: =SUM(E45:S45) -> 590
B46: 2 | C46: H. PRABOWO SUBIANTO - GIBRAN RAKABUMING RAKA | E46: 117 | F46: 173 | G46: 119 | H46: 163 | I46: 152 | J46: 128 | K46: 127 | L46: 122 | M46: 127 | N46: 130 | O46: 135 | P46: 107 | Q46: 145 | R46: 145 | S46: 112 | T46: =SUM(E46:S46) -> 2002
B47: 3 | C47: H. GANJAR PRANOWO, S.H., M.I.P. - Prof. Dr. H. M. MAHFUD MD | E47: 56 | F47: 23 | G47: 34 | H47: 38 | I47: 32 | J47: 45 | K47: 59 | L47: 37 | M47: 44 | N47: 46 | O47: 45 | P47: 46 | Q47: 45 | R47: 37 | S47: 72 | T47: =SUM(E47:S47) -> 659
A49: V | B49: DATA SUARA SAH DAN TIDAK SAH
B50: A. | C50: JUMLAH SELURUH SUARA SAH | E50: =SUM(E45:E47) -> 215 | F50: =SUM(F45:F47) -> 220 | G50: =SUM(G45:G47) -> 199 | H50: =SUM(H45:H47) -> 236 | I50: =SUM(I45:I47) -> 219 | J50: =SUM(J45:J47) -> 222 | K50: =SUM(K45:K47) -> 223 | L50: =SUM(L45:L47) -> 194 | ... S50: =SUM(S45:S47) -> 212 | T50: =SUM(E50:S50) -> 3251
B51: B. | C51: JUMLAH SUARA TIDAK SAH | E51: 4 | F51: 1 | G51: 4 | H51: 4 | I51: 3 | J51: 1 | K51: 4 | L51: 5 | M51: 4 | N51: 2 | O51: 2 | P51: 2 | Q51: 8 | R51: 4 | S51: 7 | T51: =SUM(E51:S51) -> 55
B52: C. | C52: JUMLAH SELURUH SUARA SAH DAN SUARA TIDAK SAH (V.A + V.B) | E52: =SUM(E50:E51) -> 219 | F52: =SUM(F50:F51) -> 221 | G52: =SUM(G50:G51) -> 203 | H52: =SUM(H50:H51) -> 240 | I52: =SUM(I50:I51) -> 222 | J52: =SUM(J50:J51) -> 223 | K52: =SUM(K50:K51) -> 227 | L52: =SUM(L50:L51) -> 199 | ... S52: =SUM(S50:S51) -> 219 | T52: =SUM(E52:S52) -> 3306

Sheet PENGANTIGAN
C2: Kecamatan | D2: BANYUWANGI
C3: Kabupaten | D3: BANYUWANGI
C4: Provinsi | D4: JAWA TIMUR
C9: Kelurahan | D9: PENGANTIGAN
A12: I | B12: DATA PEMILIH DAN PENGGUNAAN HAK PILIH | X12: JUMLAH AKHIR
A13: A | B13: DATA PEMILIH | E13: TPS 001 | F13: TPS 002 | G13: TPS 003 | H13: TPS 004 | I13: TPS 005 | J13: TPS 006 | K13: TPS 007 | L13: TPS 008 | M13: TPS 009 | N13: TPS 010 | O13: TPS 011 | P13: TPS 012 | Q13: TPS 013 | R13: TPS 014 | S13: TPS 015 | T13: TPS 016 | U13: TPS 017 | V13: TPS 018 | W13: TPS 019
B14: Jumlah Pemilih dalam Daftar Pemilih Tetap (DPT) | D14: LK | E14: 138 | F14: 132 | G14: 110 | H14: 144 | I14: 130 | J14: 133 | K14: 127 | L14: 113 | M14: 126 | N14: 124 | O14: 120 | P14: 113 | Q14: 106 | R14: 106 | S14: 96 | T14: 130 | U14: 123 | V14: 98 | W14: 102 | X14: =SUM(E14:W14) -> 2271
D15: PR | E15: 150 | F15: 151 | G15: 134 | H15: 128 | I15: 136 | J15: 124 | K15: 130 | L15: 131 | M15: 137 | N15: 139 | O15: 141 | P15: 112 | Q15: 119 | R15: 110 | S15: 105 | T15: 134 | U15: 125 | V15: 102 | W15: 91 | X15: =SUM(E15:W15) -> 2399
D16: JML | E16: =SUM(E14:E15) -> 288 | F16: =SUM(F14:F15) -> 283 | G16: =SUM(G14:G15) -> 244 | H16: =SUM(H14:H15) -> 272 | I16: =SUM(I14:I15) -> 266 | J16: =SUM(J14:J15) -> 257 | K16: =SUM(K14:K15) -> 257 | L16: =SUM(L14:L15) -> 244 | ... W16: =SUM(W14:W15) -> 193 | X16: =SUM(E16:W16) -> 4670
A18: B | B18: PENGGUNA HAK PILIH
B19: 1. | C19: Jumlah pengguna hak pilih dalam Daftar Pemilih Tetap (DPT) | D19: LK | E19: 98 | F19: 100 | G19: 86 | H19: 100 | I19: 92 | J19: 97 | K19: 95 | L19: 81 | M19: 84 | N19: 93 | O19: 89 | P19: 73 | Q19: 68 | R19: 75 | S19: 68 | T19: 103 | U19: 87 | V19: 81 | W19: 76 | X19: =SUM(E19:W19) -> 1646
D20: PR | E20: 128 | F20: 126 | G20: 114 | H20: 110 | I20: 102 | J20: 99 | K20: 112 | L20: 97 | M20: 113 | N20: 116 | O20: 110 | P20: 86 | Q20: 92 | R20: 86 | S20: 83 | T20: 101 | U20: 96 | V20: 94 | W20: 77 | X20: =SUM(E20:W20) -> 1942
D21: JML | E21: =SUM(E19:E20) -> 226 | F21: =SUM(F19:F20) -> 226 | G21: =SUM(G19:G20) -> 200 | H21: =SUM(H19:H20) -> 210 | I21: =SUM(I19:I20) -> 194 | J21: =SUM(J19:J20) -> 196 | K21: =SUM(K19:K20) -> 207 | L21: =SUM(L19:L20) -> 178 | ... W21: =SUM(W19:W20) -> 153 | X21: =SUM(E21:W21) -> 3588
B22: 2. | C22: Jumlah pengguna hak pilih dalam Daftar Pemilih Tambahan (DPTb) | D22: LK | E22: 0 | F22: 0 | G22: 0 | H22: 0 | I22: 0 | J22: 1 | K22: 0 | L22: 0 | M22: 0 | N22: 2 | O22: 1 | P22: 0 | Q22: 0 | R22: 0 | S22: 0 | T22: 1 | U22: 0 | V22: 0 | W22: 1 | X22: =SUM(E22:W22) -> 6
D23: PR | E23: 2 | F23: 1 | G23: 0 | H23: 0 | I23: 0 | J23: 0 | K23: 0 | L23: 0 | M23: 0 | N23: 0 | O23: 2 | P23: 0 | Q23: 1 | R23: 0 | S23: 0 | T23: 2 | U23: 0 | V23: 0 | W23: 1 | X23: =SUM(E23:W23) -> 9
D24: JML | E24: =SUM(E22:E23) -> 2 | F24: =SUM(F22:F23) -> 1 | G24: =SUM(G22:G23) -> 0 | H24: =SUM(H22:H23) -> 0 | I24: =SUM(I22:I23) -> 0 | J24: =SUM(J22:J23) -> 1 | K24: =SUM(K22:K23) -> 0 | L24: =SUM(L22:L23) -> 0 | ... W24: =SUM(W22:W23) -> 2 | X24: =SUM(E24:W24) -> 15
B25: 3. | C25: Jumlah pengguna hak pilih dalam Daftar Pemilih Khusus (DPK) | D25: LK | E25: 0 | F25: 0 | G25: 2 | H25: 0 | I25: 0 | J25: 1 | K25: 0 | L25: 1 | M25: 0 | N25: 1 | O25: 2 | P25: 1 | Q25: 0 | R25: 0 | S25: 0 | T25: 0 | U25: 2 | V25: 4 | W25: 2 | X25: =SUM(E25:W25) -> 16
D26: PR | E26: 1 | F26: 0 | G26: 3 | H26: 0 | I26: 0 | J26: 4 | K26: 1 | L26: 2 | M26: 0 | N26: 1 | O26: 0 | P26: 0 | Q26: 0 | R26: 0 | S26: 0 | T26: 0 | U26: 3 | V26: 2 | W26: 4 | X26: =SUM(E26:W26) -> 21
D27: JML | E27: =SUM(E25:E26) -> 1 | F27: =SUM(F25:F26) -> 0 | G27: =SUM(G25:G26) -> 5 | H27: =SUM(H25:H26) -> 0 | I27: =SUM(I25:I26) -> 0 | J27: =SUM(J25:J26) -> 5 | K27: =SUM(K25:K26) -> 1 | L27: =SUM(L25:L26) -> 3 | ... W27: =SUM(W25:W26) -> 6 | X27: =SUM(E27:W27) -> 37
B28: 4. | C28: Jumlah Pengguna Hak Pilih (B.1+B.2+B.3) | D28: LK | E28: =SUM(E19,E22,E25) -> 98 | F28: =SUM(F19,F22,F25) -> 100 | G28: =SUM(G19,G22,G25) -> 88 | H28: =SUM(H19,H22,H25) -> 100 | I28: =SUM(I19,I22,I25) -> 92 | J28: =SUM(J19,J22,J25) -> 99 | K28: =SUM(K19,K22,K25) -> 95 | L28: =SUM(L19,L22,L25) -> 82 | ... W28: =SUM(W19,W22,W25) -> 79 | X28: =SUM(E28:W28) -> 1668
D29: PR | E29: =SUM(E20,E23,E26) -> 131 | F29: =SUM(F20,F23,F26) -> 127 | G29: =SUM(G20,G23,G26) -> 117 | H29: =SUM(H20,H23,H26) -> 110 | I29: =SUM(I20,I23,I26) -> 102 | J29: =SUM(J20,J23,J26) -> 103 | K29: =SUM(K20,K23,K26) -> 113 | L29: =SUM(L20,L23,L26) -> 99 | ... W29: =SUM(W20,W23,W26) -> 82 | X29: =SUM(E29:W29) -> 1972
D30: JML | E30: =SUM(E28:E29) -> 229 | F30: =SUM(F28:F29) -> 227 | G30: =SUM(G28:G29) -> 205 | H30: =SUM(H28:H29) -> 210 | I30: =SUM(I28:I29) -> 194 | J30: =SUM(J28:J29) -> 202 | K30: =SUM(K28:K29) -> 208 | L30: =SUM(L28:L29) -> 181 | ... W30: =SUM(W28:W29) -> 161 | X30: =SUM(E30:W30) -> 3640
A32: II | B32: DATA PENGGUNAAN SURAT SUARA
A33: 1 | B33: Jumlah surat suara yang diterima, termasuk surat suara cadangan 2,5% dari DPT | E33: 294 | F33: 289 | G33: 249 | H33: 280 | I33: 273 | J33: 263 | K33: 263 | L33: 249 | M33: 269 | N33: 270 | O33: 267 | P33: 228 | Q33: 231 | R33: 221 | S33: 206 | T33: 270 | U33: 256 | V33: 205 | W33: 197 | X33: =SUM(E33:W33) -> 4780
A34: 2 | B34: Jumlah surat suara yang digunakan | E34: 229 | F34: 227 | G34: 205 | H34: 210 | I34: 194 | J34: 202 | K34: 208 | L34: 181 | M34: 197 | N34: 213 | O34: 204 | P34: 160 | Q34: 161 | R34: 161 | S34: 151 | T34: 207 | U34: 188 | V34: 181 | W34: 161 | X34: =SUM(E34:W34) -> 3640
A35: 3 | B35: Jumlah surat suara dikembalikan oleh pemilih (karena rusak atau keliru coblos) | E35: 0 | F35: 0 | G35: 0 | H35: 0 | I35: 2 | J35: 0 | K35: 0 | L35: 0 | M35: 0 | N35: 0 | O35: 0 | P35: 0 | Q35: 0 | R35: 0 | S35: 0 | T35: 0 | U35: 0 | V35: 0 | W35: 0 | X35: =SUM(E35:W35) -> 2
A36: 4 | B36: Jumlah surat suara yang tidak digunakan/tidak terpakai, termasuk sisa surat suara cadangan | E36: =E33-(E34+E35) -> 65 | F36: =F33-(F34+F35) -> 62 | G36: =G33-(G34+G35) -> 44 | H36: =H33-(H34+H35) -> 70 | I36: =I33-(I34+I35) -> 77 | J36: =J33-(J34+J35) -> 61 | K36: =K33-(K34+K35) -> 55 | L36: =L33-(L34+L35) -> 68 | ... W36: =W33-(W34+W35) -> 36 | X36: =SUM(E36:W36) -> 1138
A38: III | B38: DATA PEMILIH DISABILITAS
B39: Jumlah seluruh Pemilih disabilitas yang menggunakan hak pilih | D39: LK | E39: 1 | K39: 2 | S39: 1 | V39: 3 | X39: =SUM(E39:W39) -> 7
D40: PR | K40: 1 | R40: 1 | V40: 3 | X40: =SUM(E40:W40) -> 5
D41: JML | E41: =SUM(E39:E40) -> 1 | F41: =SUM(F39:F40) -> 0 | G41: =SUM(G39:G40) -> 0 | H41: =SUM(H39:H40) -> 0 | I41: =SUM(I39:I40) -> 0 | J41: =SUM(J39:J40) -> 0 | K41: =SUM(K39:K40) -> 3 | L41: =SUM(L39:L40) -> 0 | ... W41: =SUM(W39:W40) -> 0 | X41: =SUM(E41:W41) -> 12
A43: IV | B43: DATA RINCIAN PEROLEHAN SUARA PASANGAN CALON BUPATI DAN WAKIL BUPATI
A44: NOMOR DAN NAMA CALON
B45: 1 | C45: H. ANIES RASYID BASWEDAN, Ph.D. - Dr. (H.C.) H. A. MUHAIMIN ISKANDAR | E45: 28 | F45: 27 | G45: 27 | H45: 24 | I45: 32 | J45: 44 | K45: 42 | L45: 30 | M45: 33 | N45: 43 | O45: 52 | P45: 18 | Q45: 32 | R45: 33 | S45: 32 | T45: 31 | U45: 36 | V45: 18 | W45: 29 | X45: =SUM(E45:W45) -> 611
B46: 2 | C46: H. PRABOWO SUBIANTO - GIBRAN RAKABUMING RAKA | E46: 144 | F46: 144 | G46: 130 | H46: 145 | I46: 126 | J46: 121 | K46: 133 | L46: 110 | M46: 127 | N46: 132 | O46: 114 | P46: 79 | Q46: 102 | R46: 104 | S46: 97 | T46: 136 | U46: 111 | V46: 137 | W46: 107 | X46: =SUM(E46:W46) -> 2299
B47: 3 | C47: H. GANJAR PRANOWO, S.H., M.I.P. - Prof. Dr. H. M. MAHFUD MD | E47: 53 | F47: 51 | G47: 44 | H47: 33 | I47: 30 | J47: 34 | K47: 30 | L47: 38 | M47: 33 | N47: 34 | O47: 35 | P47: 57 | Q47: 26 | R47: 21 | S47: 15 | T47: 36 | U47: 34 | V47: 19 | W47: 17 | X47: =SUM(E47:W47) -> 640
A49: V | B49: DATA SUARA SAH DAN TIDAK SAH
B50: A. | C50: JUMLAH SELURUH SUARA SAH | E50: =SUM(E45:E47) -> 225 | F50: =SUM(F45:F47) -> 222 | G50: =SUM(G45:G47) -> 201 | H50: =SUM(H45:H47) -> 202 | I50: =SUM(I45:I47) -> 188 | J50: =SUM(J45:J47) -> 199 | K50: =SUM(K45:K47) -> 205 | L50: =SUM(L45:L47) -> 178 | ... W50: =SUM(W45:W47) -> 153 | X50: =SUM(E50:W50) -> 3550
B51: B. | C51: JUMLAH SUARA TIDAK SAH | E51: 4 | F51: 5 | G51: 4 | H51: 8 | I51: 6 | J51: 3 | K51: 3 | L51: 3 | M51: 4 | N51: 4 | O51: 3 | P51: 6 | Q51: 1 | R51: 3 | S51: 7 | T51: 4 | U51: 7 | V51: 7 | W51: 8 | X51: =SUM(E51:W51) -> 90
B52: C. | C52: JUMLAH SELURUH SUARA SAH DAN SUARA TIDAK SAH (V.A + V.B) | E52: =SUM(E50:E51) -> 229 | F52: =SUM(F50:F51) -> 227 | G52: =SUM(G50:G51) -> 205 | H52: =SUM(H50:H51) -> 210 | I52: =SUM(I50:I51) -> 194 | J52: =SUM(J50:J51) -> 202 | K52: =SUM(K50:K51) -> 208 | L52: =SUM(L50:L51) -> 181 | ... W52: =SUM(W50:W51) -> 161 | X52: =SUM(E52:W52) -> 3640

Sheet SINGONEGARAN
C2: Kecamatan | D2: BANYUWANGI
C3: Kabupaten | D3: BANYUWANGI
C4: Provinsi | D4: JAWA TIMUR
C9: Kelurahan | D9: SINGONEGARAN
A12: I | B12: DATA PEMILIH DAN PENGGUNAAN HAK PILIH | U12: JUMLAH AKHIR
A13: A | B13: DATA PEMILIH | E13: TPS 001 | F13: TPS 002 | G13: TPS 003 | H13: TPS 004 | I13: TPS 005 | J13: TPS 006 | K13: TPS 007 | L13: TPS 008 | M13: TPS 009 | N13: TPS 010 | O13: TPS 011 | P13: TPS 012 | Q13: TPS 013 | R13: TPS 014 | S13: TPS 015 | T13: TPS 016
B14: Jumlah Pemilih dalam Daftar Pemilih Tetap (DPT) | D14: LK | E14: 132 | F14: 94 | G14: 99 | H14: 138 | I14: 146 | J14: 118 | K14: 114 | L14: 139 | M14: 141 | N14: 117 | O14: 130 | P14: 121 | Q14: 116 | R14: 132 | S14: 125 | T14: 108 | U14: =SUM(E14:T14) -> 1970
D15: PR | E15: 157 | F15: 109 | G15: 102 | H15: 146 | I15: 144 | J15: 117 | K15: 110 | L15: 151 | M15: 141 | N15: 119 | O15: 143 | P15: 132 | Q15: 114 | R15: 135 | S15: 128 | T15: 117 | U15: =SUM(E15:T15) -> 2065
D16: JML | E16: =SUM(E14:E15) -> 289 | F16: =SUM(F14:F15) -> 203 | G16: =SUM(G14:G15) -> 201 | H16: =SUM(H14:H15) -> 284 | I16: =SUM(I14:I15) -> 290 | J16: =SUM(J14:J15) -> 235 | K16: =SUM(K14:K15) -> 224 | L16: =SUM(L14:L15) -> 290 | ... T16: =SUM(T14:T15) -> 225 | U16: =SUM(E16:T16) -> 4035
A18: B | B18: PENGGUNA HAK PILIH
B19: 1. | C19: Jumlah pengguna hak pilih dalam Daftar Pemilih Tetap (DPT) | D19: LK | E19: 122 | F19: 73 | G19: 72 | H19: 103 | I19: 100 | J19: 99 | K19: 78 | L19: 106 | M19: 107 | N19: 82 | O19: 100 | P19: 85 | Q19: 89 | R19: 99 | S19: 79 | T19: 87 | U19: =SUM(E19:T19) -> 1481
D20: PR | E20: 104 | F20: 90 | G20: 84 | H20: 114 | I20: 117 | J20: 105 | K20: 91 | L20: 116 | M20: 117 | N20: 93 | O20: 116 | P20: 107 | Q20: 94 | R20: 113 | S20: 94 | T20: 96 | U20: =SUM(E20:T20) -> 1651
D21: JML | E21: =SUM(E19:E20) -> 226 | F21: =SUM(F19:F20) -> 163 | G21: =SUM(G19:G20) -> 156 | H21: =SUM(H19:H20) -> 217 | I21: =SUM(I19:I20) -> 217 | J21: =SUM(J19:J20) -> 204 | K21: =SUM(K19:K20) -> 169 | L21: =SUM(L19:L20) -> 222 | ... T21: =SUM(T19:T20) -> 183 | U21: =SUM(E21:T21) -> 3132
B22: 2. | C22: Jumlah pengguna hak pilih dalam Daftar Pemilih Tambahan (DPTb) | D22: LK | E22: 0 | F22: 0 | G22: 0 | H22: 0 | I22: 0 | J22: 0 | K22: 0 | L22: 0 | M22: 0 | N22: 3 | O22: 1 | P22: 0 | Q22: 0 | R22: 0 | S22: 0 | T22: 0 | U22: =SUM(E22:T22) -> 4
D23: PR | E23: 0 | F23: 0 | G23: 0 | H23: 0 | I23: 0 | J23: 0 | K23: 0 | L23: 0 | M23: 1 | N23: 7 | O23: 9 | P23: 0 | Q23: 1 | R23: 0 | S23: 0 | T23: 0 | U23: =SUM(E23:T23) -> 18
D24: JML | E24: =SUM(E22:E23) -> 0 | F24: =SUM(F22:F23) -> 0 | G24: =SUM(G22:G23) -> 0 | H24: =SUM(H22:H23) -> 0 | I24: =SUM(I22:I23) -> 0 | J24: =SUM(J22:J23) -> 0 | K24: =SUM(K22:K23) -> 0 | L24: =SUM(L22:L23) -> 0 | ... T24: =SUM(T22:T23) -> 0 | U24: =SUM(E24:T24) -> 22
B25: 3. | C25: Jumlah pengguna hak pilih dalam Daftar Pemilih Khusus (DPK) | D25: LK | E25: 2 | F25: 2 | G25: 0 | H25: 4 | I25: 3 | J25: 1 | K25: 4 | L25: 3 | M25: 3 | N25: 2 | O25: 5 | P25: 3 | Q25: 0 | R25: 1 | S25: 10 | T25: 7 | U25: =SUM(E25:T25) -> 50
D26: PR | E26: 5 | F26: 3 | G26: 1 | H26: 7 | I26: 6 | J26: 4 | K26: 4 | L26: 1 | M26: 3 | N26: 1 | O26: 4 | P26: 3 | Q26: 1 | R26: 2 | S26: 12 | T26: 9 | U26: =SUM(E26:T26) -> 66
D27: JML | E27: =SUM(E25:E26) -> 7 | F27: =SUM(F25:F26) -> 5 | G27: =SUM(G25:G26) -> 1 | H27: =SUM(H25:H26) -> 11 | I27: =SUM(I25:I26) -> 9 | J27: =SUM(J25:J26) -> 5 | K27: =SUM(K25:K26) -> 8 | L27: =SUM(L25:L26) -> 4 | ... T27: =SUM(T25:T26) -> 16 | U27: =SUM(E27:T27) -> 116
B28: 4. | C28: Jumlah Pengguna Hak Pilih (B.1+B.2+B.3) | D28: LK | E28: =SUM(E19,E22,E25) -> 124 | F28: =SUM(F19,F22,F25) -> 75 | G28: =SUM(G19,G22,G25) -> 72 | H28: =SUM(H19,H22,H25) -> 107 | I28: =SUM(I19,I22,I25) -> 103 | J28: =SUM(J19,J22,J25) -> 100 | K28: =SUM(K19,K22,K25) -> 82 | L28: =SUM(L19,L22,L25) -> 109 | ... T28: =SUM(T19,T22,T25) -> 94 | U28: =SUM(E28:T28) -> 1535
D29: PR | E29: =SUM(E20,E23,E26) -> 109 | F29: =SUM(F20,F23,F26) -> 93 | G29: =SUM(G20,G23,G26) -> 85 | H29: =SUM(H20,H23,H26) -> 121 | I29: =SUM(I20,I23,I26) -> 123 | J29: =SUM(J20,J23,J26) -> 109 | K29: =SUM(K20,K23,K26) -> 95 | L29: =SUM(L20,L23,L26) -> 117 | ... T29: =SUM(T20,T23,T26) -> 105 | U29: =SUM(E29:T29) -> 1735
D30: JML | E30: =SUM(E28:E29) -> 233 | F30: =SUM(F28:F29) -> 168 | G30: =SUM(G28:G29) -> 157 | H30: =SUM(H28:H29) -> 228 | I30: =SUM(I28:I29) -> 226 | J30: =SUM(J28:J29) -> 209 | K30: =SUM(K28:K29) -> 177 | L30: =SUM(L28:L29) -> 226 | ... T30: =SUM(T28:T29) -> 199 | U30: =SUM(E30:T30) -> 3270
A32: II | B32: DATA PENGGUNAAN SURAT SUARA
A33: 1 | B33: Jumlah surat suara yang diterima, termasuk surat suara cadangan 2,5% dari DPT | E33: 294 | F33: 207 | G33: 206 | H33: 288 | I33: 294 | J33: 230 | K33: 227 | L33: 296 | M33: 288 | N33: 241 | O33: 278 | P33: 259 | Q33: 234 | R33: 273 | S33: 258 | T33: 230 | U33: =SUM(E33:T33) -> 4103
A34: 2 | B34: Jumlah surat suara yang digunakan | E34: 233 | F34: 168 | G34: 157 | H34: 228 | I34: 226 | J34: 209 | K34: 177 | L34: 226 | M34: 231 | N34: 188 | O34: 235 | P34: 198 | Q34: 185 | R34: 215 | S34: 195 | T34: 199 | U34: =SUM(E34:T34) -> 3270
A35: 3 | B35: Jumlah surat suara dikembalikan oleh pemilih (karena rusak atau keliru coblos) | E35: 1 | F35: 0 | G35: 0 | H35: 0 | I35: 5 | J35: 0 | K35: 0 | L35: 0 | M35: 0 | N35: 0 | O35: 0 | P35: 0 | Q35: 0 | R35: 0 | S35: 0 | T35: 1 | U35: =SUM(E35:T35) -> 7
A36: 4 | B36: Jumlah surat suara yang tidak digunakan/tidak terpakai, termasuk sisa surat suara cadangan | E36: =E33-(E34+E35) -> 60 | F36: =F33-(F34+F35) -> 39 | G36: =G33-(G34+G35) -> 49 | H36: =H33-(H34+H35) -> 60 | I36: =I33-(I34+I35) -> 63 | J36: =J33-(J34+J35) -> 21 | K36: =K33-(K34+K35) -> 50 | L36: =L33-(L34+L35) -> 70 | ... T36: =T33-(T34+T35) -> 30 | U36: =SUM(E36:T36) -> 826
A38: III | B38: DATA PEMILIH DISABILITAS
B39: Jumlah seluruh Pemilih disabilitas yang menggunakan hak pilih | D39: LK | E39: 2 | F39: 1 | G39: 0 | H39: 0 | I39: 0 | J39: 0 | K39: 0 | L39: 0 | M39: 0 | N39: 0 | O39: 1 | P39: 0 | Q39: 0 | R39: 0 | S39: 0 | T39: 0 | U39: =SUM(E39:T39) -> 4
D40: PR | E40: 1 | F40: 0 | G40: 0 | H40: 0 | I40: 0 | J40: 0 | K40: 0 | L40: 0 | M40: 0 | N40: 0 | O40: 0 | P40: 0 | Q40: 0 | R40: 0 | S40: 2 | T40: 0 | U40: =SUM(E40:T40) -> 3
D41: JML | E41: =SUM(E39:E40) -> 3 | F41: =SUM(F39:F40) -> 1 | G41: =SUM(G39:G40) -> 0 | H41: =SUM(H39:H40) -> 0 | I41: =SUM(I39:I40) -> 0 | J41: =SUM(J39:J40) -> 0 | K41: =SUM(K39:K40) -> 0 | L41: =SUM(L39:L40) -> 0 | ... T41: =SUM(T39:T40) -> 0 | U41: =SUM(E41:T41) -> 7
A43: IV | B43: DATA RINCIAN PEROLEHAN SUARA PASANGAN CALON BUPATI DAN WAKIL BUPATI
A44: NOMOR DAN NAMA CALON
B45: 1 | C45: H. ANIES RASYID BASWEDAN, Ph.D. - Dr. (H.C.) H. A. MUHAIMIN ISKANDAR | E45: 20 | F45: 24 | G45: 26 | H45: 23 | I45: 42 | J45: 19 | K45: 47 | L45: 56 | M45: 42 | N45: 57 | O45: 23 | P45: 40 | Q45: 33 | R45: 27 | S45: 14 | T45: 25 | U45: =SUM(E45:T45) -> 518
B46: 2 | C46: H. PRABOWO SUBIANTO - GIBRAN RAKABUMING RAKA | E46: 119 | F46: 124 | G46: 102 | H46: 167 | I46: 136 | J46: 113 | K46: 110 | L46: 131 | M46: 140 | N46: 100 | O46: 156 | P46: 120 | Q46: 112 | R46: 139 | S46: 146 | T46: 149 | U46: =SUM(E46:T46) -> 2064
B47: 3 | C47: H. GANJAR PRANOWO, S.H., M.I.P. - Prof. Dr. H. M. MAHFUD MD | E47: 88 | F47: 17 | G47: 27 | H47: 33 | I47: 43 | J47: 74 | K47: 17 | L47: 30 | M47: 48 | N47: 29 | O47: 50 | P47: 33 | Q47: 35 | R47: 41 | S47: 30 | T47: 22 | U47: =SUM(E47:T47) -> 617
A49: V | B49: DATA SUARA SAH DAN TIDAK SAH
B50: A. | C50: JUMLAH SELURUH SUARA SAH | E50: =SUM(E45:E47) -> 227 | F50: =SUM(F45:F47) -> 165 | G50: =SUM(G45:G47) -> 155 | H50: =SUM(H45:H47) -> 223 | I50: =SUM(I45:I47) -> 221 | J50: =SUM(J45:J47) -> 206 | K50: =SUM(K45:K47) -> 174 | L50: =SUM(L45:L47) -> 217 | ... T50: =SUM(T45:T47) -> 196 | U50: =SUM(E50:T50) -> 3199
B51: B. | C51: JUMLAH SUARA TIDAK SAH | E51: 6 | F51: 3 | G51: 2 | H51: 5 | I51: 5 | J51: 3 | K51: 3 | L51: 9 | M51: 1 | N51: 2 | O51: 6 | P51: 5 | Q51: 5 | R51: 8 | S51: 5 | T51: 3 | U51: =SUM(E51:T51) -> 71
B52: C. | C52: JUMLAH SELURUH SUARA SAH DAN SUARA TIDAK SAH (V.A + V.B) | E52: =SUM(E50:E51) -> 233 | F52: =SUM(F50:F51) -> 168 | G52: =SUM(G50:G51) -> 157 | H52: =SUM(H50:H51) -> 228 | I52: =SUM(I50:I51) -> 226 | J52: =SUM(J50:J51) -> 209 | K52: =SUM(K50:K51) -> 177 | L52: =SUM(L50:L51) -> 226 | ... T52: =SUM(T50:T51) -> 199 | U52: =SUM(E52:T52) -> 3270

Sheet SINGOTRUNAN
C2: Kecamatan | D2: BANYUWANGI
C3: Kabupaten | D3: BANYUWANGI
C4: Provinsi | D4: JAWA TIMUR
C9: Kelurahan | D9: SINGOTRUNAN
A12: I | B12: DATA PEMILIH DAN PENGGUNAAN HAK PILIH | AE12: JUMLAH AKHIR
A13: A | B13: DATA PEMILIH | E13: TPS 001 | F13: TPS 002 | G13: TPS 003 | H13: TPS 004 | I13: TPS 005 | J13: TPS 006 | K13: TPS 007 | L13: TPS 008 | M13: TPS 009 | N13: TPS 010 | O13: TPS 011 | P13: TPS 012 | Q13: TPS 013 | R13: TPS 014 | S13: TPS 015 | T13: TPS 016 | U13: TPS 017 | V13: TPS 018 | W13: TPS 019 | X13: TPS 020 | Y13: TPS 021 | Z13: TPS 022 | AA13: TPS 023 | AB13: TPS 024 | AC13: TPS 025 | AD13: TPS 026
B14: Jumlah Pemilih dalam Daftar Pemilih Tetap (DPT) | D14: LK | E14: 120 | F14: 125 | G14: 128 | H14: 138 | I14: 105 | J14: 88 | K14: 151 | L14: 139 | M14: 114 | N14: 140 | O14: 131 | P14: 120 | Q14: 128 | R14: 137 | S14: 141 | T14: 121 | U14: 118 | V14: 125 | W14: 101 | X14: 128 | Y14: 127 | Z14: 104 | AA14: 110 | AB14: 136 | AC14: 119 | AD14: 129 | AE14: =SUM(E14:AD14) -> 3223
D15: PR | E15: 152 | F15: 148 | G15: 130 | H15: 154 | I15: 117 | J15: 100 | K15: 137 | L15: 154 | M15: 142 | N15: 151 | O15: 144 | P15: 111 | Q15: 124 | R15: 143 | S15: 145 | T15: 127 | U15: 150 | V15: 129 | W15: 103 | X15: 158 | Y15: 151 | Z15: 126 | AA15: 112 | AB15: 149 | AC15: 138 | AD15: 137 | AE15: =SUM(E15:AD15) -> 3532
D16: JML | E16: =SUM(E14:E15) -> 272 | F16: =SUM(F14:F15) -> 273 | G16: =SUM(G14:G15) -> 258 | H16: =SUM(H14:H15) -> 292 | I16: =SUM(I14:I15) -> 222 | J16: =SUM(J14:J15) -> 188 | K16: =SUM(K14:K15) -> 288 | L16: =SUM(L14:L15) -> 293 | ... AD16: =SUM(AD14:AD15) -> 266 | AE16: =SUM(E16:AD16) -> 6755
A18: B | B18: PENGGUNA HAK PILIH
B19: 1. | C19: Jumlah pengguna hak pilih dalam Daftar Pemilih Tetap (DPT) | D19: LK | E19: 78 | F19: 83 | G19: 96 | H19: 94 | I19: 77 | J19: 62 | K19: 117 | L19: 91 | M19: 78 | N19: 100 | O19: 91 | P19: 86 | Q19: 93 | R19: 102 | S19: 102 | T19: 81 | U19: 72 | V19: 87 | W19: 69 | X19: 102 | Y19: 93 | Z19: 83 | AA19: 79 | AB19: 91 | AC19: 83 | AD19: 108 | AE19: =SUM(E19:AD19) -> 2298
D20: PR | E20: 108 | F20: 110 | G20: 99 | H20: 116 | I20: 84 | J20: 78 | K20: 113 | L20: 118 | M20: 113 | N20: 115 | O20: 115 | P20: 91 | Q20: 104 | R20: 112 | S20: 125 | T20: 97 | U20: 108 | V20: 109 | W20: 78 | X20: 129 | Y20: 120 | Z20: 106 | AA20: 87 | AB20: 116 | AC20: 106 | AD20: 118 | AE20: =SUM(E20:AD20) -> 2775
D21: JML | E21: =SUM(E19:E20) -> 186 | F21: =SUM(F19:F20) -> 193 | G21: =SUM(G19:G20) -> 195 | H21: =SUM(H19:H20) -> 210 | I21: =SUM(I19:I20) -> 161 | J21: =SUM(J19:J20) -> 140 | K21: =SUM(K19:K20) -> 230 | L21: =SUM(L19:L20) -> 209 | ... AD21: =SUM(AD19:AD20) -> 226 | AE21: =SUM(E21:AD21) -> 5073
B22: 2. | C22: Jumlah pengguna hak pilih dalam Daftar Pemilih Tambahan (DPTb) | D22: LK | E22: 0 | F22: 0 | G22: 1 | H22: 0 | I22: 0 | J22: 2 | K22: 0 | L22: 0 | M22: 0 | N22: 0 | O22: 0 | P22: 0 | Q22: 0 | R22: 0 | S22: 0 | T22: 0 | U22: 0 | V22: 1 | W22: 0 | X22: 0 | Y22: 0 | Z22: 0 | AA22: 0 | AB22: 0 | AC22: 0 | AD22: 0 | AE22: =SUM(E22:AD22) -> 4
D23: PR | E23: 0 | F23: 0 | G23: 0 | H23: 0 | I23: 0 | J23: 2 | K23: 0 | L23: 0 | M23: 0 | N23: 0 | O23: 0 | P23: 0 | Q23: 0 | R23: 0 | S23: 1 | T23: 0 | U23: 0 | V23: 2 | W23: 0 | X23: 0 | Y23: 0 | Z23: 0 | AA23: 1 | AB23: 0 | AC23: 0 | AD23: 0 | AE23: =SUM(E23:AD23) -> 6
D24: JML | E24: =SUM(E22:E23) -> 0 | F24: =SUM(F22:F23) -> 0 | G24: =SUM(G22:G23) -> 1 | H24: =SUM(H22:H23) -> 0 | I24: =SUM(I22:I23) -> 0 | J24: =SUM(J22:J23) -> 4 | K24: =SUM(K22:K23) -> 0 | L24: =SUM(L22:L23) -> 0 | ... AD24: =SUM(AD22:AD23) -> 0 | AE24: =SUM(E24:AD24) -> 10
B25: 3. | C25: Jumlah pengguna hak pilih dalam Daftar Pemilih Khusus (DPK) | D25: LK | E25: 4 | H25: 4 | I25: 2 | J25: 1 | K25: 5 | L25: 3 | N25: 3 | R25: 5 | S25: 3 | T25: 0 | U25: 2 | V25: 2 | W25: 2 | X25: 3 | Y25: 0 | Z25: 2 | AA25: 5 | AB25: 0 | AC25: 1 | AD25: 0 | AE25: =SUM(E25:AD25) -> 47
D26: PR | E26: 2 | G26: 1 | H26: 1 | J26: 2 | K26: 6 | L26: 2 | M26: 2 | N26: 10 | O26: 2 | P26: 3 | R26: 3 | S26: 6 | T26: 0 | U26: 3 | V26: 0 | W26: 3 | X26: 1 | Y26: 2 | Z26: 2 | AA26: 4 | AB26: 0 | AC26: 1 | AD26: 0 | AE26: =SUM(E26:AD26) -> 56
D27: JML | E27: =SUM(E25:E26) -> 6 | F27: =SUM(F25:F26) -> 0 | G27: =SUM(G25:G26) -> 1 | H27: =SUM(H25:H26) -> 5 | I27: =SUM(I25:I26) -> 2 | J27: =SUM(J25:J26) -> 3 | K27: =SUM(K25:K26) -> 11 | L27: =SUM(L25:L26) -> 5 | ... AD27: =SUM(AD25:AD26) -> 0 | AE27: =SUM(E27:AD27) -> 103
B28: 4. | C28: Jumlah Pengguna Hak Pilih (B.1+B.2+B.3) | D28: LK | E28: =SUM(E19,E22,E25) -> 82 | F28: =SUM(F19,F22,F25) -> 83 | G28: =SUM(G19,G22,G25) -> 97 | H28: =SUM(H19,H22,H25) -> 98 | I28: =SUM(I19,I22,I25) -> 79 | J28: =SUM(J19,J22,J25) -> 65 | K28: =SUM(K19,K22,K25) -> 122 | L28: =SUM(L19,L22,L25) -> 94 | ... AD28: =SUM(AD19,AD22,AD25) -> 108 | AE28: =SUM(E28:AD28) -> 2349
D29: PR | E29: =SUM(E20,E23,E26) -> 110 | F29: =SUM(F20,F23,F26) -> 110 | G29: =SUM(G20,G23,G26) -> 100 | H29: =SUM(H20,H23,H26) -> 117 | I29: =SUM(I20,I23,I26) -> 84 | J29: =SUM(J20,J23,J26) -> 82 | K29: =SUM(K20,K23,K26) -> 119 | L29: =SUM(L20,L23,L26) -> 120 | ... AD29: =SUM(AD20,AD23,AD26) -> 118 | AE29: =SUM(E29:AD29) -> 2837
D30: JML | E30: =SUM(E28:E29) -> 192 | F30: =SUM(F28:F29) -> 193 | G30: =SUM(G28:G29) -> 197 | H30: =SUM(H28:H29) -> 215 | I30: =SUM(I28:I29) -> 163 | J30: =SUM(J28:J29) -> 147 | K30: =SUM(K28:K29) -> 241 | L30: =SUM(L28:L29) -> 214 | ... AD30: =SUM(AD28:AD29) -> 226 | AE30: =SUM(E30:AD30) -> 5186
A32: II | B32: DATA PENGGUNAAN SURAT SUARA
A33: 1 | B33: Jumlah surat suara yang diterima, termasuk surat suara cadangan 2% dari DPT | E33: 278 | F33: 279 | G33: 264 | H33: 298 | I33: 227 | J33: 292 | K33: 294 | L33: 299 | M33: 262 | N33: 297 | O33: 281 | P33: 236 | Q33: 258 | R33: 286 | S33: 296 | T33: 253 | U33: 275 | V33: 260 | W33: 209 | X33: 295 | Y33: 284 | Z33: 235 | AA33: 229 | AB33: 291 | AC33: 263 | AD33: 272 | AE33: =SUM(E33:AD33) -> 7013
A34: 2 | B34: Jumlah surat suara yang digunakan | E34: 192 | F34: 193 | G34: 197 | H34: 215 | I34: 163 | J34: 147 | K34: 241 | L34: 214 | M34: 193 | N34: 228 | O34: 208 | P34: 180 | Q34: 197 | R34: 222 | S34: 237 | T34: 178 | U34: 185 | V34: 201 | W34: 152 | X34: 235 | Y34: 215 | Z34: 193 | AA34: 176 | AB34: 207 | AC34: 191 | AD34: 226 | AE34: =SUM(E34:AD34) -> 5186
A35: 3 | B35: Jumlah surat suara dikembalikan oleh pemilih (karena rusak atau keliru coblos) | E35: 0 | F35: 0 | G35: 0 | H35: 0 | I35: 0 | J35: 0 | K35: 0 | L35: 0 | M35: 0 | N35: 1 | O35: 0 | P35: 0 | Q35: 0 | R35: 0 | S35: 0 | T35: 0 | U35: 0 | V35: 1 | W35: 7 | X35: 0 | Y35: 0 | Z35: 1 | AA35: 0 | AB35: 0 | AC35: 0 | AD35: 0 | AE35: =SUM(E35:AD35) -> 10
A36: 4 | B36: Jumlah surat suara yang tidak digunakan/tidak terpakai, termasuk sisa surat suara cadangan | E36: =E33-(E34+E35) -> 86 | F36: =F33-(F34+F35) -> 86 | G36: =G33-(G34+G35) -> 67 | H36: =H33-(H34+H35) -> 83 | I36: =I33-(I34+I35) -> 64 | J36: =J33-(J34+J35) -> 145 | K36: =K33-(K34+K35) -> 53 | L36: =L33-(L34+L35) -> 85 | ... AD36: =AD33-(AD34+AD35) -> 46 | AE36: =SUM(E36:AD36) -> 1817
A38: III | B38: DATA PEMILIH DISABILITAS
B39: Jumlah seluruh Pemilih disabilitas yang menggunakan hak pilih | D39: LK | O39: 1 | S39: 2 | W39: 1 | AC39: 1 | AE39: =SUM(E39:AD39) -> 5
D40: PR | S40: 4 | AC40: 1 | AE40: =SUM(E40:AD40) -> 5
D41: JML | E41: =SUM(E39:E40) -> 0 | F41: =SUM(F39:F40) -> 0 | G41: =SUM(G39:G40) -> 0 | H41: =SUM(H39:H40) -> 0 | I41: =SUM(I39:I40) -> 0 | J41: =SUM(J39:J40) -> 0 | K41: =SUM(K39:K40) -> 0 | L41: =SUM(L39:L40) -> 0 | ... AD41: =SUM(AD39:AD40) -> 0 | AE41: =SUM(E41:AD41) -> 10
A43: IV | B43: DATA RINCIAN PEROLEHAN SUARA PASANGAN CALON BUPATI DAN WAKIL BUPATI
A44: NOMOR DAN NAMA CALON
B45: 1 | C45: H. ANIES RASYID BASWEDAN, Ph.D. - Dr. (H.C.) H. A. MUHAIMIN ISKANDAR | E45: 52 | F45: 35 | G45: 30 | H45: 36 | I45: 77 | J45: 68 | K45: 46 | L45: 31 | M45: 36 | N45: 85 | O45: 60 | P45: 54 | Q45: 28 | R45: 52 | S45: 36 | T45: 38 | U45: 60 | V45: 50 | W45: 12 | X45: 39 | Y45: 31 | Z45: 56 | AA45: 34 | AB45: 42 | AC45: 40 | AD45: 32 | AE45: =SUM(E45:AD45) -> 1160
B46: 2 | C46: H. PRABOWO SUBIANTO - GIBRAN RAKABUMING RAKA | E46: 105 | F46: 130 | G46: 115 | H46: 147 | I46: 53 | J46: 49 | K46: 161 | L46: 138 | M46: 129 | N46: 118 | O46: 128 | P46: 112 | Q46: 134 | R46: 132 | S46: 154 | T46: 118 | U46: 92 | V46: 107 | W46: 111 | X46: 139 | Y46: 153 | Z46: 87 | AA46: 74 | AB46: 126 | AC46: 126 | AD46: 167 | AE46: =SUM(E46:AD46) -> 3105
B47: 3 | C47: H. GANJAR PRANOWO, S.H., M.I.P. - Prof. Dr. H. M. MAHFUD MD | E47: 33 | F47: 27 | G47: 50 | H47: 27 | I47: 29 | J47: 30 | K47: 32 | L47: 42 | M47: 24 | N47: 24 | O47: 17 | P47: 12 | Q47: 32 | R47: 34 | S47: 42 | T47: 17 | U47: 29 | V47: 38 | W47: 24 | X47: 53 | Y47: 28 | Z47: 46 | AA47: 68 | AB47: 37 | AC47: 22 | AD47: 25 | AE47: =SUM(E47:AD47) -> 842
A49: V | B49: DATA SUARA SAH DAN TIDAK SAH
B50: A. | C50: JUMLAH SELURUH SUARA SAH | E50: =SUM(E45:E47) -> 190 | F50: =SUM(F45:F47) -> 192 | G50: =SUM(G45:G47) -> 195 | H50: =SUM(H45:H47) -> 210 | I50: =SUM(I45:I47) -> 159 | J50: =SUM(J45:J47) -> 147 | K50: =SUM(K45:K47) -> 239 | L50: =SUM(L45:L47) -> 211 | ... AD50: =SUM(AD45:AD47) -> 224 | AE50: =SUM(E50:AD50) -> 5107
B51: B. | C51: JUMLAH SUARA TIDAK SAH | E51: 2 | F51: 1 | G51: 2 | H51: 5 | I51: 4 | J51: 0 | K51: 2 | L51: 3 | M51: 4 | N51: 1 | O51: 3 | P51: 2 | Q51: 3 | R51: 4 | S51: 5 | T51: 5 | U51: 4 | V51: 6 | W51: 5 | X51: 4 | Y51: 3 | Z51: 4 | AA51: 0 | AB51: 2 | AC51: 3 | AD51: 2 | AE51: =SUM(E51:AD51) -> 79
B52: C. | C52: JUMLAH SELURUH SUARA SAH DAN SUARA TIDAK SAH (V.A + V.B) | E52: =SUM(E50:E51) -> 192 | F52: =SUM(F50:F51) -> 193 | G52: =SUM(G50:G51) -> 197 | H52: =SUM(H50:H51) -> 215 | I52: =SUM(I50:I51) -> 163 | J52: =SUM(J50:J51) -> 147 | K52: =SUM(K50:K51) -> 241 | L52: =SUM(L50:L51) -> 214 | ... AD52: =SUM(AD50:AD51) -> 226 | AE52: =SUM(E52:AD52) -> 5186

Sheet SOBO
C2: Kecamatan | D2: BANYUWANGI
C3: Kabupaten | D3: BANYUWANGI
C4: Provinsi | D4: JAWA TIMUR
C9: Kelurahan | D9: SOBO
A12: I | B12: DATA PEMILIH DAN PENGGUNAAN HAK PILIH | AB12: JUMLAH AKHIR
A13: A | B13: DATA PEMILIH | E13: TPS 001 | F13: TPS 002 | G13: TPS 003 | H13: TPS 004 | I13: TPS 005 | J13: TPS 006 | K13: TPS 007 | L13: TPS 008 | M13: TPS 009 | N13: TPS 010 | O13: TPS 011 | P13: TPS 012 | Q13: TPS 013 | R13: TPS 014 | S13: TPS 015 | T13: TPS 016 | U13: TPS 017 | V13: TPS 018 | W13: TPS 019 | X13: TPS 020 | Y13: TPS 021 | Z13: TPS 022 | AA13: TPS 023
B14: Jumlah Pemilih dalam Daftar Pemilih Tetap (DPT) | D14: LK | E14: 144 | F14: 127 | G14: 126 | H14: 136 | I14: 127 | J14: 137 | K14: 143 | L14: 135 | M14: 139 | N14: 141 | O14: 125 | P14: 134 | Q14: 148 | R14: 127 | S14: 138 | T14: 131 | U14: 123 | V14: 132 | W14: 142 | X14: 140 | Y14: 142 | Z14: 142 | AA14: 131 | AB14: =SUM(E14:AA14) -> 3110
D15: PR | E15: 146 | F15: 159 | G15: 162 | H15: 147 | I15: 147 | J15: 145 | K15: 142 | L15: 146 | M15: 156 | N15: 149 | O15: 162 | P15: 164 | Q15: 142 | R15: 147 | S15: 156 | T15: 147 | U15: 155 | V15: 149 | W15: 147 | X15: 147 | Y15: 144 | Z15: 152 | AA15: 152 | AB15: =SUM(E15:AA15) -> 3463
D16: JML | E16: =SUM(E14:E15) -> 290 | F16: =SUM(F14:F15) -> 286 | G16: =SUM(G14:G15) -> 288 | H16: =SUM(H14:H15) -> 283 | I16: =SUM(I14:I15) -> 274 | J16: =SUM(J14:J15) -> 282 | K16: =SUM(K14:K15) -> 285 | L16: =SUM(L14:L15) -> 281 | ... AA16: =SUM(AA14:AA15) -> 283 | AB16: =SUM(E16:AA16) -> 6573
A18: B | B18: PENGGUNA HAK PILIH
B19: 1. | C19: Jumlah pengguna hak pilih dalam Daftar Pemilih Tetap (DPT) | D19: LK | E19: 102 | F19: 93 | G19: 89 | H19: 85 | I19: 87 | J19: 102 | K19: 109 | L19: 108 | M19: 97 | N19: 100 | O19: 90 | P19: 104 | Q19: 116 | R19: 95 | S19: 95 | T19: 84 | U19: 99 | V19: 91 | W19: 104 | X19: 101 | Y19: 91 | Z19: 95 | AA19: 87 | AB19: =SUM(E19:AA19) -> 2224
D20: PR | E20: 104 | F20: 132 | G20: 117 | H20: 104 | I20: 100 | J20: 117 | K20: 105 | L20: 121 | M20: 129 | N20: 118 | O20: 129 | P20: 119 | Q20: 110 | R20: 115 | S20: 123 | T20: 112 | U20: 129 | V20: 120 | W20: 128 | X20: 122 | Y20: 107 | Z20: 123 | AA20: 124 | AB20: =SUM(E20:AA20) -> 2708
D21: JML | E21: =SUM(E19:E20) -> 206 | F21: =SUM(F19:F20) -> 225 | G21: =SUM(G19:G20) -> 206 | H21: =SUM(H19:H20) -> 189 | I21: =SUM(I19:I20) -> 187 | J21: =SUM(J19:J20) -> 219 | K21: =SUM(K19:K20) -> 214 | L21: =SUM(L19:L20) -> 229 | ... AA21: =SUM(AA19:AA20) -> 211 | AB21: =SUM(E21:AA21) -> 4932
B22: 2. | C22: Jumlah pengguna hak pilih dalam Daftar Pemilih Tambahan (DPTb) | D22: LK | E22: 2 | F22: 2 | G22: 0 | H22: 1 | I22: 6 | J22: 0 | K22: 0 | L22: 1 | M22: 0 | N22: 0 | O22: 3 | P22: 1 | Q22: 1 | R22: 0 | S22: 1 | T22: 1 | U22: 0 | V22: 0 | W22: 0 | X22: 0 | Y22: 2 | Z22: 1 | AA22: 3 | AB22: =SUM(E22:AA22) -> 25
D23: PR | E23: 4 | F23: 1 | G23: 1 | H23: 0 | I23: 6 | J23: 0 | K23: 0 | L23: 2 | M23: 1 | N23: 0 | O23: 2 | P23: 1 | Q23: 1 | R23: 0 | S23: 2 | T23: 0 | U23: 0 | V23: 0 | W23: 0 | X23: 0 | Y23: 2 | Z23: 1 | AA23: 2 | AB23: =SUM(E23:AA23) -> 26
D24: JML | E24: =SUM(E22:E23) -> 6 | F24: =SUM(F22:F23) -> 3 | G24: =SUM(G22:G23) -> 1 | H24: =SUM(H22:H23) -> 1 | I24: =SUM(I22:I23) -> 12 | J24: =SUM(J22:J23) -> 0 | K24: =SUM(K22:K23) -> 0 | L24: =SUM(L22:L23) -> 3 | ... V24: =SUM(V22:V23) -> 0 | W24: 0 | X24: =SUM(X22:X23) -> 0 | Y24: =SUM(Y22:Y23) -> 4 | Z24: =SUM(Z22:Z23) -> 2 | AA24: =SUM(AA22:AA23) -> 5 | AB24: =SUM(E24:AA24) -> 51
B25: 3. | C25: Jumlah pengguna hak pilih dalam Daftar Pemilih Khusus (DPK) | D25: LK | E25: 0 | F25: 0 | G25: 0 | H25: 0 | I25: 0 | J25: 1 | K25: 1 | L25: 0 | M25: 0 | N25: 3 | O25: 2 | P25: 2 | Q25: 5 | R25: 1 | S25: 1 | T25: 2 | U25: 0 | V25: 3 | W25: 1 | X25: 1 | Y25: 2 | Z25: 1 | AA25: 2 | AB25: =SUM(E25:AA25) -> 28
D26: PR | E26: 1 | F26: 3 | G26: 0 | H26: 1 | I26: 1 | J26: 2 | K26: 3 | L26: 0 | M26: 0 | N26: 4 | O26: 1 | P26: 2 | Q26: 9 | R26: 0 | S26: 5 | T26: 3 | U26: 1 | V26: 3 | W26: 0 | X26: 0 | Y26: 2 | Z26: 0 | AA26: 0 | AB26: =SUM(E26:AA26) -> 41
D27: JML | E27: =SUM(E25:E26) -> 1 | F27: =SUM(F25:F26) -> 3 | G27: =SUM(G25:G26) -> 0 | H27: =SUM(H25:H26) -> 1 | I27: =SUM(I25:I26) -> 1 | J27: =SUM(J25:J26) -> 3 | K27: =SUM(K25:K26) -> 4 | L27: =SUM(L25:L26) -> 0 | ... AA27: =SUM(AA25:AA26) -> 2 | AB27: =SUM(E27:AA27) -> 69
B28: 4. | C28: Jumlah Pengguna Hak Pilih (B.1+B.2+B.3) | D28: LK | E28: =SUM(E19,E22,E25) -> 104 | F28: =SUM(F19,F22,F25) -> 95 | G28: =SUM(G19,G22,G25) -> 89 | H28: =SUM(H19,H22,H25) -> 86 | I28: =SUM(I19,I22,I25) -> 93 | J28: =SUM(J19,J22,J25) -> 103 | K28: =SUM(K19,K22,K25) -> 110 | L28: =SUM(L19,L22,L25) -> 109 | ... AA28: =SUM(AA19,AA22,AA25) -> 92 | AB28: =SUM(E28:AA28) -> 2277
D29: PR | E29: =SUM(E20,E23,E26) -> 109 | F29: =SUM(F20,F23,F26) -> 136 | G29: =SUM(G20,G23,G26) -> 118 | H29: =SUM(H20,H23,H26) -> 105 | I29: =SUM(I20,I23,I26) -> 107 | J29: =SUM(J20,J23,J26) -> 119 | K29: =SUM(K20,K23,K26) -> 108 | L29: =SUM(L20,L23,L26) -> 123 | ... AA29: =SUM(AA20,AA23,AA26) -> 126 | AB29: =SUM(E29:AA29) -> 2775
D30: JML | E30: =SUM(E28:E29) -> 213 | F30: =SUM(F28:F29) -> 231 | G30: =SUM(G28:G29) -> 207 | H30: =SUM(H28:H29) -> 191 | I30: =SUM(I28:I29) -> 200 | J30: =SUM(J28:J29) -> 222 | K30: =SUM(K28:K29) -> 218 | L30: =SUM(L28:L29) -> 232 | ... AA30: =SUM(AA28:AA29) -> 218 | AB30: =SUM(E30:AA30) -> 5052
A32: II | B32: DATA PENGGUNAAN SURAT SUARA
A33: 1 | B33: Jumlah surat suara yang diterima, termasuk surat suara cadangan 2,5% dari DPT | E33: 296 | F33: 292 | G33: 294 | H33: 289 | I33: 280 | J33: 289 | K33: 291 | L33: 287 | M33: 299 | N33: 296 | O33: 293 | P33: 304 | Q33: 296 | R33: 280 | S33: 300 | T33: 285 | U33: 285 | V33: 287 | W33: 296 | X33: 293 | Y33: 292 | Z33: 300 | AA33: 285 | AB33: =SUM(E33:AA33) -> 6709
A34: 2 | B34: Jumlah surat suara yang digunakan | E34: 213 | F34: 231 | G34: 207 | H34: 191 | I34: 200 | J34: 222 | K34: 218 | L34: 232 | M34: 227 | N34: 225 | O34: 227 | P34: 229 | Q34: 242 | R34: 211 | S34: 227 | T34: 202 | U34: 229 | V34: 217 | W34: 233 | X34: 224 | Y34: 206 | Z34: 221 | AA34: 218 | AB34: =SUM(E34:AA34) -> 5052
A35: 3 | B35: Jumlah surat suara dikembalikan oleh pemilih (karena rusak atau keliru coblos) | E35: 0 | F35: 0 | G35: 0 | H35: 0 | I35: 0 | J35: 0 | K35: 0 | L35: 0 | M35: 0 | N35: 0 | O35: 0 | P35: 0 | Q35: 0 | R35: 0 | S35: 0 | T35: 0 | U35: 0 | V35: 0 | W35: 0 | X35: 2 | Y35: 0 | Z35: 0 | AA35: 0 | AB35: =SUM(E35:AA35) -> 2
A36: 4 | B36: Jumlah surat suara yang tidak digunakan/tidak terpakai, termasuk sisa surat suara cadangan | E36: =E33-(E34+E35) -> 83 | F36: =F33-(F34+F35) -> 61 | G36: =G33-(G34+G35) -> 87 | H36: =H33-(H34+H35) -> 98 | I36: =I33-(I34+I35) -> 80 | J36: =J33-(J34+J35) -> 67 | K36: =K33-(K34+K35) -> 73 | L36: =L33-(L34+L35) -> 55 | ... AA36: =AA33-(AA34+AA35) -> 67 | AB36: =SUM(E36:AA36) -> 1655
A38: III | B38: DATA PEMILIH DISABILITAS
B39: Jumlah seluruh Pemilih disabilitas yang menggunakan hak pilih | D39: LK | E39: 2 | F39: 0 | G39: 0 | H39: 0 | I39: 0 | J39: 0 | K39: 0 | L39: 0 | M39: 0 | N39: 0 | O39: 0 | P39: 0 | Q39: 0 | R39: 0 | S39: 0 | T39: 0 | U39: 0 | V39: 0 | W39: 1 | X39: 0 | Y39: 0 | Z39: 0 | AA39: 0 | AB39: =SUM(E39:AA39) -> 3
D40: PR | E40: 1 | F40: 0 | G40: 0 | H40: 0 | I40: 0 | J40: 0 | K40: 0 | L40: 0 | M40: 0 | N40: 0 | O40: 0 | P40: 0 | Q40: 0 | R40: 0 | S40: 0 | T40: 0 | U40: 0 | V40: 0 | W40: 0 | X40: 0 | Y40: 0 | Z40: 1 | AA40: 0 | AB40: =SUM(E40:AA40) -> 2
D41: JML | E41: =SUM(E39:E40) -> 3 | F41: =SUM(F39:F40) -> 0 | G41: =SUM(G39:G40) -> 0 | H41: =SUM(H39:H40) -> 0 | I41: =SUM(I39:I40) -> 0 | J41: =SUM(J39:J40) -> 0 | K41: =SUM(K39:K40) -> 0 | L41: =SUM(L39:L40) -> 0 | ... AA41: =SUM(AA39:AA40) -> 0 | AB41: =SUM(E41:AA41) -> 5
A43: IV | B43: DATA RINCIAN PEROLEHAN SUARA PASANGAN CALON BUPATI DAN WAKIL BUPATI
A44: NOMOR DAN NAMA CALON
B45: 1 | C45: H. ANIES RASYID BASWEDAN, Ph.D. - Dr. (H.C.) H. A. MUHAIMIN ISKANDAR | E45: 53 | F45: 48 | G45: 63 | H45: 36 | I45: 51 | J45: 20 | K45: 40 | L45: 11 | M45: 34 | N45: 34 | O45: 55 | P45: 52 | Q45: 22 | R45: 39 | S45: 49 | T45: 36 | U45: 21 | V45: 27 | W45: 60 | X45: 43 | Y45: 22 | Z45: 25 | AA45: 58 | AB45: =SUM(E45:AA45) -> 899
B46: 2 | C46: H. PRABOWO SUBIANTO - GIBRAN RAKABUMING RAKA | E46: 132 | F46: 161 | G46: 112 | H46: 127 | I46: 117 | J46: 170 | K46: 143 | L46: 160 | M46: 156 | N46: 146 | O46: 138 | P46: 143 | Q46: 166 | R46: 142 | S46: 145 | T46: 133 | U46: 175 | V46: 163 | W46: 142 | X46: 163 | Y46: 154 | Z46: 140 | AA46: 127 | AB46: =SUM(E46:AA46) -> 3355
B47: 3 | C47: H. GANJAR PRANOWO, S.H., M.I.P. - Prof. Dr. H. M. MAHFUD MD | E47: 26 | F47: 16 | G47: 29 | H47: 27 | I47: 27 | J47: 29 | K47: 33 | L47: 38 | M47: 32 | N47: 36 | O47: 32 | P47: 33 | Q47: 24 | R47: 25 | S47: 32 | T47: 31 | U47: 28 | V47: 20 | W47: 29 | X47: 13 | Y47: 24 | Z47: 53 | AA47: 33 | AB47: =SUM(E47:AA47) -> 670
A49: V | B49: DATA SUARA SAH DAN TIDAK SAH
B50: A. | C50: JUMLAH SELURUH SUARA SAH | E50: =SUM(E45:E47) -> 211 | F50: =SUM(F45:F47) -> 225 | G50: =SUM(G45:G47) -> 204 | H50: =SUM(H45:H47) -> 190 | I50: =SUM(I45:I47) -> 195 | J50: =SUM(J45:J47) -> 219 | K50: =SUM(K45:K47) -> 216 | L50: =SUM(L45:L47) -> 209 | ... AA50: =SUM(AA45:AA47) -> 218 | AB50: =SUM(E50:AA50) -> 4924
B51: B. | C51: JUMLAH SUARA TIDAK SAH | E51: 2 | F51: 6 | G51: 3 | H51: 1 | I51: 5 | J51: 3 | K51: 2 | L51: 23 | M51: 5 | N51: 9 | O51: 2 | P51: 1 | Q51: 30 | R51: 5 | S51: 1 | T51: 2 | U51: 5 | V51: 7 | W51: 2 | X51: 5 | Y51: 6 | Z51: 3 | AA51: 0 | AB51: =SUM(E51:AA51) -> 128
B52: C. | C52: JUMLAH SELURUH SUARA SAH DAN SUARA TIDAK SAH (V.A + V.B) | E52: =SUM(E50:E51) -> 213 | F52: =SUM(F50:F51) -> 231 | G52: =SUM(G50:G51) -> 207 | H52: =SUM(H50:H51) -> 191 | I52: =SUM(I50:I51) -> 200 | J52: =SUM(J50:J51) -> 222 | K52: =SUM(K50:K51) -> 218 | L52: =SUM(L50:L51) -> 232 | ... AA52: =SUM(AA50:AA51) -> 218 | AB52: =SUM(E52:AA52) -> 5052

Sheet SUMBERREJO
C2: Kecamatan | D2: BANYUWANGI
C3: Kabupaten | D3: BANYUWANGI
C4: Provinsi | D4: JAWA TIMUR
C9: Kelurahan | D9: SUMBERREJO
A12: I | B12: DATA PEMILIH DAN PENGGUNAAN HAK PILIH | U12: JUMLAH AKHIR
A13: A | B13: DATA PEMILIH | E13: TPS 001 | F13: TPS 002 | G13: TPS 003 | H13: TPS 004 | I13: TPS 005 | J13: TPS 006 | K13: TPS 007 | L13: TPS 008 | M13: TPS 009 | N13: TPS 010 | O13: TPS 011 | P13: TPS 012 | Q13: TPS 013 | R13: TPS 014 | S13: TPS 015 | T13: TPS 016
B14: Jumlah Pemilih dalam Daftar Pemilih Tetap (DPT) | D14: LK | E14: 146 | F14: 111 | G14: 121 | H14: 146 | I14: 125 | J14: 129 | K14: 136 | L14: 138 | M14: 138 | N14: 154 | O14: 130 | P14: 131 | Q14: 103 | R14: 140 | S14: 99 | T14: 118 | U14: =SUM(E14:T14) -> 2065
D15: PR | E15: 130 | F15: 104 | G15: 115 | H15: 139 | I15: 138 | J15: 136 | K15: 151 | L15: 146 | M15: 146 | N15: 137 | O15: 148 | P15: 146 | Q15: 114 | R15: 139 | S15: 106 | T15: 125 | U15: =SUM(E15:T15) -> 2120
D16: JML | E16: =SUM(E14:E15) -> 276 | F16: =SUM(F14:F15) -> 215 | G16: =SUM(G14:G15) -> 236 | H16: =SUM(H14:H15) -> 285 | I16: =SUM(I14:I15) -> 263 | J16: =SUM(J14:J15) -> 265 | K16: =SUM(K14:K15) -> 287 | L16: =SUM(L14:L15) -> 284 | ... T16: =SUM(T14:T15) -> 243 | U16: =SUM(E16:T16) -> 4185
A18: B | B18: PENGGUNA HAK PILIH
B19: 1. | C19: Jumlah pengguna hak pilih dalam Daftar Pemilih Tetap (DPT) | D19: LK | E19: 99 | F19: 80 | G19: 85 | H19: 96 | I19: 89 | J19: 100 | K19: 95 | L19: 89 | M19: 91 | N19: 120 | O19: 89 | P19: 93 | Q19: 82 | R19: 106 | S19: 71 | T19: 98 | U19: =SUM(E19:T19) -> 1483
D20: PR | E20: 110 | F20: 87 | G20: 90 | H20: 109 | I20: 107 | J20: 106 | K20: 119 | L20: 114 | M20: 109 | N20: 129 | O20: 105 | P20: 129 | Q20: 100 | R20: 119 | S20: 90 | T20: 103 | U20: =SUM(E20:T20) -> 1726
D21: JML | E21: =SUM(E19:E20) -> 209 | F21: =SUM(F19:F20) -> 167 | G21: =SUM(G19:G20) -> 175 | H21: =SUM(H19:H20) -> 205 | I21: =SUM(I19:I20) -> 196 | J21: =SUM(J19:J20) -> 206 | K21: =SUM(K19:K20) -> 214 | L21: =SUM(L19:L20) -> 203 | ... T21: =SUM(T19:T20) -> 201 | U21: =SUM(E21:T21) -> 3209
B22: 2. | C22: Jumlah pengguna hak pilih dalam Daftar Pemilih Tambahan (DPTb) | D22: LK | E22: 0 | F22: 2 | G22: 0 | H22: 1 | I22: 0 | J22: 0 | K22: 0 | L22: 1 | M22: 3 | N22: 1 | O22: 0 | P22: 0 | Q22: 0 | R22: 0 | S22: 2 | T22: 0 | U22: =SUM(E22:T22) -> 10
D23: PR | E23: 0 | F23: 0 | G23: 0 | H23: 0 | I23: 0 | J23: 0 | K23: 0 | L23: 3 | M23: 1 | N23: 2 | O23: 0 | P23: 0 | Q23: 1 | R23: 0 | S23: 2 | T23: 0 | U23: =SUM(E23:T23) -> 9
D24: JML | E24: =SUM(E22:E23) -> 0 | F24: =SUM(F22:F23) -> 2 | G24: =SUM(G22:G23) -> 0 | H24: =SUM(H22:H23) -> 1 | I24: =SUM(I22:I23) -> 0 | J24: =SUM(J22:J23) -> 0 | K24: =SUM(K22:K23) -> 0 | L24: =SUM(L22:L23) -> 4 | ... T24: =SUM(T22:T23) -> 0 | U24: =SUM(E24:T24) -> 19
B25: 3. | C25: Jumlah pengguna hak pilih dalam Daftar Pemilih Khusus (DPK) | D25: LK | E25: 1 | F25: 0 | G25: 0 | H25: 0 | I25: 0 | J25: 2 | K25: 2 | L25: 0 | M25: 1 | N25: 3 | O25: 2 | P25: 0 | Q25: 0 | R25: 4 | S25: 2 | T25: 3 | U25: =SUM(E25:T25) -> 20
D26: PR | E26: 1 | F26: 0 | G26: 0 | H26: 1 | I26: 4 | J26: 2 | K26: 1 | L26: 2 | M26: 5 | N26: 2 | O26: 1 | P26: 1 | Q26: 4 | R26: 6 | S26: 3 | T26: 2 | U26: =SUM(E26:T26) -> 35
D27: JML | E27: =SUM(E25:E26) -> 2 | F27: =SUM(F25:F26) -> 0 | G27: =SUM(G25:G26) -> 0 | H27: =SUM(H25:H26) -> 1 | I27: =SUM(I25:I26) -> 4 | J27: =SUM(J25:J26) -> 4 | K27: =SUM(K25:K26) -> 3 | L27: =SUM(L25:L26) -> 2 | ... T27: =SUM(T25:T26) -> 5 | U27: =SUM(E27:T27) -> 55
B28: 4. | C28: Jumlah Pengguna Hak Pilih (B.1+B.2+B.3) | D28: LK | E28: =SUM(E19,E22,E25) -> 100 | F28: =SUM(F19,F22,F25) -> 82 | G28: =SUM(G19,G22,G25) -> 85 | H28: =SUM(H19,H22,H25) -> 97 | I28: =SUM(I19,I22,I25) -> 89 | J28: =SUM(J19,J22,J25) -> 102 | K28: =SUM(K19,K22,K25) -> 97 | L28: =SUM(L19,L22,L25) -> 90 | ... T28: =SUM(T19,T22,T25) -> 101 | U28: =SUM(E28:T28) -> 1513
D29: PR | E29: =SUM(E20,E23,E26) -> 111 | F29: =SUM(F20,F23,F26) -> 87 | G29: =SUM(G20,G23,G26) -> 90 | H29: =SUM(H20,H23,H26) -> 110 | I29: =SUM(I20,I23,I26) -> 111 | J29: =SUM(J20,J23,J26) -> 108 | K29: =SUM(K20,K23,K26) -> 120 | L29: =SUM(L20,L23,L26) -> 119 | ... T29: =SUM(T20,T23,T26) -> 105 | U29: =SUM(E29:T29) -> 1770
D30: JML | E30: =SUM(E28:E29) -> 211 | F30: =SUM(F28:F29) -> 169 | G30: =SUM(G28:G29) -> 175 | H30: =SUM(H28:H29) -> 207 | I30: =SUM(I28:I29) -> 200 | J30: =SUM(J28:J29) -> 210 | K30: =SUM(K28:K29) -> 217 | L30: =SUM(L28:L29) -> 209 | ... T30: =SUM(T28:T29) -> 206 | U30: =SUM(E30:T30) -> 3283
A32: II | B32: DATA PENGGUNAAN SURAT SUARA
A33: 1 | B33: Jumlah surat suara yang diterima, termasuk surat suara cadangan 2,5% dari DPT | E33: 284 | F33: 221 | G33: 241 | H33: 293 | I33: 271 | J33: 272 | K33: 293 | L33: 290 | M33: 291 | N33: 298 | O33: 284 | P33: 283 | Q33: 222 | R33: 285 | S33: 209 | T33: 249 | U33: =SUM(E33:T33) -> 4286
A34: 2 | B34: Jumlah surat suara yang digunakan | E34: 211 | F34: 169 | G34: 175 | H34: 207 | I34: 200 | J34: 210 | K34: 217 | L34: 209 | M34: 210 | N34: 257 | O34: 197 | P34: 223 | Q34: 187 | R34: 235 | S34: 170 | T34: 206 | U34: =SUM(E34:T34) -> 3283
A35: 3 | B35: Jumlah surat suara dikembalikan oleh pemilih (karena rusak atau keliru coblos) | E35: 0 | F35: 0 | G35: 0 | H35: 2 | I35: 0 | J35: 0 | K35: 0 | L35: 1 | M35: 0 | N35: 0 | O35: 0 | P35: 0 | Q35: 0 | R35: 0 | S35: 0 | T35: 1 | U35: =SUM(E35:T35) -> 4
A36: 4 | B36: Jumlah surat suara yang tidak digunakan/tidak terpakai, termasuk sisa surat suara cadangan | E36: =E33-(E34+E35) -> 73 | F36: =F33-(F34+F35) -> 52 | G36: =G33-(G34+G35) -> 66 | H36: =H33-(H34+H35) -> 84 | I36: =I33-(I34+I35) -> 71 | J36: =J33-(J34+J35) -> 62 | K36: =K33-(K34+K35) -> 76 | L36: =L33-(L34+L35) -> 80 | ... T36: =T33-(T34+T35) -> 42 | U36: =SUM(E36:T36) -> 999
A38: III | B38: DATA PEMILIH DISABILITAS
B39: Jumlah seluruh Pemilih disabilitas yang menggunakan hak pilih | D39: LK | E39: 1 | K39: 1 | P39: 1 | Q39: 2 | S39: 1 | T39: 0 | U39: =SUM(E39:T39) -> 6
D40: PR | E40: 1 | K40: 1 | O40: 1 | Q40: 2 | S40: 6 | T40: 0 | U40: =SUM(E40:T40) -> 11
D41: JML | E41: =SUM(E39:E40) -> 2 | F41: =SUM(F39:F40) -> 0 | G41: =SUM(G39:G40) -> 0 | H41: =SUM(H39:H40) -> 0 | I41: =SUM(I39:I40) -> 0 | J41: =SUM(J39:J40) -> 0 | K41: =SUM(K39:K40) -> 2 | L41: =SUM(L39:L40) -> 0 | ... T41: =SUM(T39:T40) -> 0 | U41: =SUM(E41:T41) -> 17
A43: IV | B43: DATA RINCIAN PEROLEHAN SUARA PASANGAN CALON BUPATI DAN WAKIL BUPATI
A44: NOMOR DAN NAMA CALON
B45: 1 | C45: H. ANIES RASYID BASWEDAN, Ph.D. - Dr. (H.C.) H. A. MUHAIMIN ISKANDAR | E45: 24 | F45: 28 | G45: 42 | H45: 30 | I45: 15 | J45: 29 | K45: 27 | L45: 56 | M45: 50 | N45: 44 | O45: 36 | P45: 27 | Q45: 20 | R45: 32 | S45: 28 | T45: 50 | U45: =SUM(E45:T45) -> 538
B46: 2 | C46: H. PRABOWO SUBIANTO - GIBRAN RAKABUMING RAKA | E46: 162 | F46: 128 | G46: 116 | H46: 133 | I46: 140 | J46: 136 | K46: 146 | L46: 120 | M46: 127 | N46: 162 | O46: 139 | P46: 163 | Q46: 135 | R46: 167 | S46: 126 | T46: 128 | U46: =SUM(E46:T46) -> 2228
B47: 3 | C47: H. GANJAR PRANOWO, S.H., M.I.P. - Prof. Dr. H. M. MAHFUD MD | E47: 24 | F47: 4 | G47: 14 | H47: 41 | I47: 33 | J47: 36 | K47: 40 | L47: 29 | M47: 29 | N47: 41 | O47: 19 | P47: 23 | Q47: 25 | R47: 33 | S47: 15 | T47: 26 | U47: =SUM(E47:T47) -> 432
A49: V | B49: DATA SUARA SAH DAN TIDAK SAH
B50: A. | C50: JUMLAH SELURUH SUARA SAH | E50: =SUM(E45:E47) -> 210 | F50: =SUM(F45:F47) -> 160 | G50: =SUM(G45:G47) -> 172 | H50: =SUM(H45:H47) -> 204 | I50: =SUM(I45:I47) -> 188 | J50: =SUM(J45:J47) -> 201 | K50: =SUM(K45:K47) -> 213 | L50: =SUM(L45:L47) -> 205 | ... T50: =SUM(T45:T47) -> 204 | U50: =SUM(E50:T50) -> 3198
B51: B. | C51: JUMLAH SUARA TIDAK SAH | E51: 1 | F51: 9 | G51: 3 | H51: 3 | I51: 12 | J51: 9 | K51: 4 | L51: 4 | M51: 4 | N51: 10 | O51: 3 | P51: 10 | Q51: 7 | R51: 3 | S51: 1 | T51: 2 | U51: =SUM(E51:T51) -> 85
B52: C. | C52: JUMLAH SELURUH SUARA SAH DAN SUARA TIDAK SAH (V.A + V.B) | E52: =SUM(E50:E51) -> 211 | F52: =SUM(F50:F51) -> 169 | G52: =SUM(G50:G51) -> 175 | H52: =SUM(H50:H51) -> 207 | I52: =SUM(I50:I51) -> 200 | J52: =SUM(J50:J51) -> 210 | K52: =SUM(K50:K51) -> 217 | L52: =SUM(L50:L51) -> 209 | ... T52: =SUM(T50:T51) -> 206 | U52: =SUM(E52:T52) -> 3283

Sheet TAMANBARU
C2: Kecamatan | D2: BANYUWANGI
C3: Kabupaten | D3: BANYUWANGI
C4: Provinsi | D4: JAWA TIMUR
C9: Kelurahan | D9: TAMANBARU
A12: I | B12: DATA PEMILIH DAN PENGGUNAAN HAK PILIH | Z12: JUMLAH AKHIR
A13: A | B13: DATA PEMILIH | E13: TPS 001 | F13: TPS 002 | G13: TPS 003 | H13: TPS 004 | I13: TPS 005 | J13: TPS 006 | K13: TPS 007 | L13: TPS 008 | M13: TPS 009 | N13: TPS 010 | O13: TPS 011 | P13: TPS 012 | Q13: TPS 013 | R13: TPS 014 | S13: TPS 015 | T13: TPS 016 | U13: TPS 017 | V13: TPS 018 | W13: TPS 019 | X13: TPS 020 | Y13: TPS 021
B14: Jumlah Pemilih dalam Daftar Pemilih Tetap (DPT) | D14: LK | E14: 124 | F14: 127 | G14: 113 | H14: 117 | I14: 117 | J14: 146 | K14: 142 | L14: 125 | M14: 117 | N14: 115 | O14: 133 | P14: 145 | Q14: 139 | R14: 124 | S14: 142 | T14: 138 | U14: 134 | V14: 133 | W14: 124 | X14: 126 | Y14: 131 | Z14: =SUM(E14:Y14) -> 2712
D15: PR | E15: 150 | F15: 138 | G15: 145 | H15: 131 | I15: 133 | J15: 145 | K15: 154 | L15: 150 | M15: 130 | N15: 144 | O15: 156 | P15: 147 | Q15: 146 | R15: 133 | S15: 150 | T15: 156 | U15: 161 | V15: 152 | W15: 145 | X15: 134 | Y15: 167 | Z15: =SUM(E15:Y15) -> 3067
D16: JML | E16: =SUM(E14:E15) -> 274 | F16: =SUM(F14:F15) -> 265 | G16: =SUM(G14:G15) -> 258 | H16: =SUM(H14:H15) -> 248 | I16: =SUM(I14:I15) -> 250 | J16: =SUM(J14:J15) -> 291 | K16: =SUM(K14:K15) -> 296 | L16: =SUM(L14:L15) -> 275 | ... Y16: =SUM(Y14:Y15) -> 298 | Z16: =SUM(E16:Y16) -> 5779
A18: B | B18: PENGGUNA HAK PILIH
B19: 1. | C19: Jumlah pengguna hak pilih dalam Daftar Pemilih Tetap (DPT) | D19: LK | E19: 83 | F19: 74 | G19: 82 | H19: 85 | I19: 89 | J19: 108 | K19: 100 | L19: 96 | M19: 80 | N19: 82 | O19: 100 | P19: 99 | Q19: 97 | R19: 86 | S19: 87 | T19: 96 | U19: 103 | V19: 103 | W19: 83 | X19: 71 | Y19: 86 | Z19: =SUM(E19:Y19) -> 1890
D20: PR | E20: 118 | F20: 104 | G20: 123 | H20: 104 | I20: 98 | J20: 112 | K20: 120 | L20: 107 | M20: 99 | N20: 112 | O20: 124 | P20: 121 | Q20: 117 | R20: 99 | S20: 109 | T20: 122 | U20: 129 | V20: 126 | W20: 110 | X20: 84 | Y20: 113 | Z20: =SUM(E20:Y20) -> 2351
D21: JML | E21: =SUM(E19:E20) -> 201 | F21: =SUM(F19:F20) -> 178 | G21: =SUM(G19:G20) -> 205 | H21: =SUM(H19:H20) -> 189 | I21: =SUM(I19:I20) -> 187 | J21: =SUM(J19:J20) -> 220 | K21: =SUM(K19:K20) -> 220 | L21: =SUM(L19:L20) -> 203 | ... Y21: =SUM(Y19:Y20) -> 199 | Z21: =SUM(E21:Y21) -> 4241
B22: 2. | C22: Jumlah pengguna hak pilih dalam Daftar Pemilih Tambahan (DPTb) | D22: LK | E22: 1 | F22: 0 | G22: 2 | H22: 0 | I22: 2 | J22: 1 | K22: 2 | L22: 0 | M22: 0 | N22: 6 | O22: 5 | P22: 3 | Q22: 3 | R22: 1 | S22: 4 | T22: 3 | U22: 0 | V22: 0 | W22: 7 | X22: 1 | Y22: 1 | Z22: =SUM(E22:Y22) -> 42
D23: PR | E23: 0 | F23: 1 | G23: 4 | H23: 0 | I23: 1 | J23: 1 | K23: 1 | L23: 1 | M23: 0 | N23: 9 | O23: 5 | P23: 4 | Q23: 2 | R23: 1 | S23: 4 | T23: 0 | U23: 0 | V23: 0 | W23: 4 | X23: 1 | Y23: 2 | Z23: =SUM(E23:Y23) -> 41
D24: JML | E24: =SUM(E22:E23) -> 1 | F24: =SUM(F22:F23) -> 1 | G24: =SUM(G22:G23) -> 6 | H24: =SUM(H22:H23) -> 0 | I24: =SUM(I22:I23) -> 3 | J24: =SUM(J22:J23) -> 2 | K24: =SUM(K22:K23) -> 3 | L24: =SUM(L22:L23) -> 1 | ... Y24: =SUM(Y22:Y23) -> 3 | Z24: =SUM(E24:Y24) -> 83
B25: 3. | C25: Jumlah pengguna hak pilih dalam Daftar Pemilih Khusus (DPK) | D25: LK | E25: 0 | F25: 4 | G25: 5 | H25: 2 | I25: 1 | J25: 1 | K25: 1 | L25: 3 | M25: 2 | N25: 3 | O25: 2 | P25: 5 | Q25: 2 | R25: 2 | S25: 2 | T25: 0 | U25: 3 | V25: 3 | W25: 6 | X25: 11 | Y25: 3 | Z25: =SUM(E25:Y25) -> 61
D26: PR | E26: 1 | F26: 4 | G26: 1 | H26: 1 | I26: 1 | J26: 4 | K26: 1 | L26: 2 | M26: 5 | N26: 2 | O26: 1 | P26: 5 | Q26: 4 | R26: 2 | S26: 5 | T26: 0 | U26: 3 | V26: 1 | W26: 4 | X26: 8 | Y26: 4 | Z26: =SUM(E26:Y26) -> 59
D27: JML | E27: =SUM(E25:E26) -> 1 | F27: =SUM(F25:F26) -> 8 | G27: =SUM(G25:G26) -> 6 | H27: =SUM(H25:H26) -> 3 | I27: =SUM(I25:I26) -> 2 | J27: =SUM(J25:J26) -> 5 | K27: =SUM(K25:K26) -> 2 | L27: =SUM(L25:L26) -> 5 | ... Y27: =SUM(Y25:Y26) -> 7 | Z27: =SUM(E27:Y27) -> 120
B28: 4. | C28: Jumlah Pengguna Hak Pilih (B.1+B.2+B.3) | D28: LK | E28: =SUM(E19,E22,E25) -> 84 | F28: =SUM(F19,F22,F25) -> 78 | G28: =SUM(G19,G22,G25) -> 89 | H28: =SUM(H19,H22,H25) -> 87 | I28: =SUM(I19,I22,I25) -> 92 | J28: =SUM(J19,J22,J25) -> 110 | K28: =SUM(K19,K22,K25) -> 103 | L28: =SUM(L19,L22,L25) -> 99 | ... Y28: =SUM(Y19,Y22,Y25) -> 90 | Z28: =SUM(E28:Y28) -> 1993
D29: PR | E29: =SUM(E20,E23,E26) -> 119 | F29: =SUM(F20,F23,F26) -> 109 | G29: =SUM(G20,G23,G26) -> 128 | H29: =SUM(H20,H23,H26) -> 105 | I29: =SUM(I20,I23,I26) -> 100 | J29: =SUM(J20,J23,J26) -> 117 | K29: =SUM(K20,K23,K26) -> 122 | L29: =SUM(L20,L23,L26) -> 110 | ... Y29: =SUM(Y20,Y23,Y26) -> 119 | Z29: =SUM(E29:Y29) -> 2451
D30: JML | E30: =SUM(E28:E29) -> 203 | F30: =SUM(F28:F29) -> 187 | G30: =SUM(G28:G29) -> 217 | H30: =SUM(H28:H29) -> 192 | I30: =SUM(I28:I29) -> 192 | J30: =SUM(J28:J29) -> 227 | K30: =SUM(K28:K29) -> 225 | L30: =SUM(L28:L29) -> 209 | ... Y30: =SUM(Y28:Y29) -> 209 | Z30: =SUM(E30:Y30) -> 4444
A32: II | B32: DATA PENGGUNAAN SURAT SUARA
A33: 1 | B33: Jumlah surat suara yang diterima, termasuk surat suara cadangan 2,5% dari DPT | E33: 280 | F33: 270 | G33: 266 | H33: 253 | I33: 255 | J33: 297 | K33: 299 | L33: 281 | M33: 250 | N33: 265 | O33: 295 | P33: 298 | Q33: 288 | R33: 261 | S33: 298 | T33: 297 | U33: 303 | V33: 288 | W33: 272 | X33: 259 | Y33: 304 | Z33: =SUM(E33:Y33) -> 5879
A34: 2 | B34: Jumlah surat suara yang digunakan | E34: 203 | F34: 187 | G34: 217 | H34: 192 | I34: 192 | J34: 227 | K34: 225 | L34: 209 | M34: 186 | N34: 214 | O34: 237 | P34: 237 | Q34: 225 | R34: 191 | S34: 211 | T34: 221 | U34: 238 | V34: 233 | W34: 214 | X34: 176 | Y34: 209 | Z34: =SUM(E34:Y34) -> 4444
A35: 3 | B35: Jumlah surat suara dikembalikan oleh pemilih (karena rusak atau keliru coblos) | E35: 0 | F35: 0 | G35: 1 | H35: 3 | I35: 0 | J35: 1 | K35: 0 | L35: 0 | M35: 0 | N35: 1 | O35: 0 | P35: 0 | Q35: 0 | R35: 0 | S35: 0 | T35: 0 | U35: 0 | V35: 2 | W35: 0 | X35: 0 | Y35: 5 | Z35: =SUM(E35:Y35) -> 13
A36: 4 | B36: Jumlah surat suara yang tidak digunakan/tidak terpakai, termasuk sisa surat suara cadangan | E36: =E33-(E34+E35) -> 77 | F36: =F33-(F34+F35) -> 83 | G36: =G33-(G34+G35) -> 48 | H36: =H33-(H34+H35) -> 58 | I36: =I33-(I34+I35) -> 63 | J36: =J33-(J34+J35) -> 69 | K36: =K33-(K34+K35) -> 74 | L36: =L33-(L34+L35) -> 72 | ... Y36: =Y33-(Y34+Y35) -> 90 | Z36: =SUM(E36:Y36) -> 1422
A38: III | B38: DATA PEMILIH DISABILITAS
B39: Jumlah seluruh Pemilih disabilitas yang menggunakan hak pilih | D39: LK | Y39: 2 | Z39: =SUM(E39:Y39) -> 2
D40: PR | N40: 1 | Z40: =SUM(E40:Y40) -> 1
D41: JML | E41: =SUM(E39:E40) -> 0 | F41: =SUM(F39:F40) -> 0 | G41: =SUM(G39:G40) -> 0 | H41: =SUM(H39:H40) -> 0 | I41: =SUM(I39:I40) -> 0 | J41: =SUM(J39:J40) -> 0 | K41: =SUM(K39:K40) -> 0 | L41: =SUM(L39:L40) -> 0 | ... Y41: =SUM(Y39:Y40) -> 2 | Z41: =SUM(E41:Y41) -> 3
A43: IV | B43: DATA RINCIAN PEROLEHAN SUARA PASANGAN CALON BUPATI DAN WAKIL BUPATI
A44: NOMOR DAN NAMA CALON
B45: 1 | C45: H. ANIES RASYID BASWEDAN, Ph.D. - Dr. (H.C.) H. A. MUHAIMIN ISKANDAR | E45: 40 | F45: 38 | G45: 60 | H45: 43 | I45: 40 | J45: 59 | K45: 60 | L45: 72 | M45: 44 | N45: 42 | O45: 79 | P45: 72 | Q45: 58 | R45: 55 | S45: 63 | T45: 75 | U45: 61 | V45: 105 | W45: 41 | X45: 44 | Y45: 33 | Z45: =SUM(E45:Y45) -> 1184
B46: 2 | C46: H. PRABOWO SUBIANTO - GIBRAN RAKABUMING RAKA | E46: 125 | F46: 108 | G46: 112 | H46: 99 | I46: 113 | J46: 105 | K46: 121 | L46: 91 | M46: 103 | N46: 129 | O46: 118 | P46: 138 | Q46: 131 | R46: 92 | S46: 106 | T46: 118 | U46: 122 | V46: 86 | W46: 123 | X46: 100 | Y46: 137 | Z46: =SUM(E46:Y46) -> 2377
B47: 3 | C47: H. GANJAR PRANOWO, S.H., M.I.P. - Prof. Dr. H. M. MAHFUD MD | E47: 36 | F47: 36 | G47: 45 | H47: 44 | I47: 37 | J47: 59 | K47: 40 | L47: 44 | M47: 37 | N47: 38 | O47: 38 | P47: 26 | Q47: 33 | R47: 44 | S47: 39 | T47: 28 | U47: 48 | V47: 35 | W47: 47 | X47: 30 | Y47: 39 | Z47: =SUM(E47:Y47) -> 823
A49: V | B49: DATA SUARA SAH DAN TIDAK SAH
B50: A. | C50: JUMLAH SELURUH SUARA SAH | E50: =SUM(E45:E47) -> 201 | F50: =SUM(F45:F47) -> 182 | G50: =SUM(G45:G47) -> 217 | H50: =SUM(H45:H47) -> 186 | I50: =SUM(I45:I47) -> 190 | J50: =SUM(J45:J47) -> 223 | K50: =SUM(K45:K47) -> 221 | L50: =SUM(L45:L47) -> 207 | ... Y50: =SUM(Y45:Y47) -> 209 | Z50: =SUM(E50:Y50) -> 4384
B51: B. | C51: JUMLAH SUARA TIDAK SAH | E51: 2 | F51: 5 | G51: 0 | H51: 6 | I51: 2 | J51: 4 | K51: 4 | L51: 2 | M51: 2 | N51: 5 | O51: 2 | P51: 1 | Q51: 3 | R51: 0 | S51: 3 | T51: 0 | U51: 7 | V51: 7 | W51: 3 | X51: 2 | Y51: 0 | Z51: =SUM(E51:Y51) -> 60
B52: C. | C52: JUMLAH SELURUH SUARA SAH DAN SUARA TIDAK SAH (V.A + V.B) | E52: =SUM(E50:E51) -> 203 | F52: =SUM(F50:F51) -> 187 | G52: =SUM(G50:G51) -> 217 | H52: =SUM(H50:H51) -> 192 | I52: =SUM(I50:I51) -> 192 | J52: =SUM(J50:J51) -> 227 | K52: =SUM(K50:K51) -> 225 | L52: =SUM(L50:L51) -> 209 | ... Y52: =SUM(Y50:Y51) -> 209 | Z52: =SUM(E52:Y52) -> 4444

Sheet TEMENGGUNGAN
C2: Kecamatan | D2: BANYUWANGI
C3: Kabupaten | D3: BANYUWANGI
C4: Provinsi | D4: JAWA TIMUR
C9: Kelurahan | D9: TEMENGGUNGAN
A12: I | B12: DATA PEMILIH DAN PENGGUNAAN HAK PILIH | L12: JUMLAH AKHIR
A13: A | B13: DATA PEMILIH | E13: TPS 001 | F13: TPS 002 | G13: TPS 003 | H13: TPS 004 | I13: TPS 005 | J13: TPS 006 | K13: TPS 007
B14: Jumlah Pemilih dalam Daftar Pemilih Tetap (DPT) | D14: LK | E14: 127 | F14: 92 | G14: 112 | H14: 127 | I14: 102 | J14: 109 | K14: 135 | L14: =SUM(E14:K14) -> 804
D15: PR | E15: 127 | F15: 99 | G15: 98 | H15: 129 | I15: 106 | J15: 117 | K15: 130 | L15: =SUM(E15:K15) -> 806
D16: JML | E16: =SUM(E14:E15) -> 254 | F16: =SUM(F14:F15) -> 191 | G16: =SUM(G14:G15) -> 210 | H16: =SUM(H14:H15) -> 256 | I16: =SUM(I14:I15) -> 208 | J16: =SUM(J14:J15) -> 226 | K16: =SUM(K14:K15) -> 265 | L16: =SUM(E16:K16) -> 1610
A18: B | B18: PENGGUNA HAK PILIH
B19: 1. | C19: Jumlah pengguna hak pilih dalam Daftar Pemilih Tetap (DPT) | D19: LK | E19: 99 | F19: 70 | G19: 78 | H19: 86 | I19: 77 | J19: 81 | K19: 97 | L19: =SUM(E19:K19) -> 588
D20: PR | E20: 104 | F20: 86 | G20: 77 | H20: 104 | I20: 90 | J20: 92 | K20: 112 | L20: =SUM(E20:K20) -> 665
D21: JML | E21: =SUM(E19:E20) -> 203 | F21: =SUM(F19:F20) -> 156 | G21: =SUM(G19:G20) -> 155 | H21: =SUM(H19:H20) -> 190 | I21: =SUM(I19:I20) -> 167 | J21: =SUM(J19:J20) -> 173 | K21: =SUM(K19:K20) -> 209 | L21: =SUM(E21:K21) -> 1253
B22: 2. | C22: Jumlah pengguna hak pilih dalam Daftar Pemilih Tambahan (DPTb) | D22: LK | E22: 0 | F22: 0 | G22: 0 | H22: 0 | I22: 0 | J22: 0 | K22: 0 | L22: =SUM(E22:K22) -> 0
D23: PR | E23: 0 | F23: 0 | G23: 0 | H23: 0 | I23: 0 | J23: 0 | K23: 0 | L23: =SUM(E23:K23) -> 0
D24: JML | E24: =SUM(E22:E23) -> 0 | F24: =SUM(F22:F23) -> 0 | G24: =SUM(G22:G23) -> 0 | H24: =SUM(H22:H23) -> 0 | I24: =SUM(I22:I23) -> 0 | J24: =SUM(J22:J23) -> 0 | K24: =SUM(K22:K23) -> 0 | L24: =SUM(E24:K24) -> 0
B25: 3. | C25: Jumlah pengguna hak pilih dalam Daftar Pemilih Khusus (DPK) | D25: LK | E25: 4 | F25: 2 | G25: 3 | H25: 6 | I25: 1 | J25: 2 | K25: 1 | L25: =SUM(E25:K25) -> 19
D26: PR | E26: 6 | F26: 3 | G26: 4 | H26: 6 | I26: 1 | J26: 1 | K26: 1 | L26: =SUM(E26:K26) -> 22
D27: JML | E27: =SUM(E25:E26) -> 10 | F27: =SUM(F25:F26) -> 5 | G27: =SUM(G25:G26) -> 7 | H27: =SUM(H25:H26) -> 12 | I27: =SUM(I25:I26) -> 2 | J27: =SUM(J25:J26) -> 3 | K27: =SUM(K25:K26) -> 2 | L27: =SUM(E27:K27) -> 41
B28: 4. | C28: Jumlah Pengguna Hak Pilih (B.1+B.2+B.3) | D28: LK | E28: =SUM(E19,E22,E25) -> 103 | F28: =SUM(F19,F22,F25) -> 72 | G28: =SUM(G19,G22,G25) -> 81 | H28: =SUM(H19,H22,H25) -> 92 | I28: =SUM(I19,I22,I25) -> 78 | J28: =SUM(J19,J22,J25) -> 83 | K28: =SUM(K19,K22,K25) -> 98 | L28: =SUM(E28:K28) -> 607
D29: PR | E29: =SUM(E20,E23,E26) -> 110 | F29: =SUM(F20,F23,F26) -> 89 | G29: =SUM(G20,G23,G26) -> 81 | H29: =SUM(H20,H23,H26) -> 110 | I29: =SUM(I20,I23,I26) -> 91 | J29: =SUM(J20,J23,J26) -> 93 | K29: =SUM(K20,K23,K26) -> 113 | L29: =SUM(E29:K29) -> 687
D30: JML | E30: =SUM(E28:E29) -> 213 | F30: =SUM(F28:F29) -> 161 | G30: =SUM(G28:G29) -> 162 | H30: =SUM(H28:H29) -> 202 | I30: =SUM(I28:I29) -> 169 | J30: =SUM(J28:J29) -> 176 | K30: =SUM(K28:K29) -> 211 | L30: =SUM(E30:K30) -> 1294
A32: II | B32: DATA PENGGUNAAN SURAT SUARA
A33: 1 | B33: Jumlah surat suara yang diterima, termasuk surat suara cadangan 2% dari DPT | E33: 260 | F33: 195 | G33: 213 | H33: 262 | I33: 216 | J33: 231 | K33: 270 | L33: =SUM(E33:K33) -> 1647
A34: 2 | B34: Jumlah surat suara yang digunakan | E34: 213 | F34: 161 | G34: 162 | H34: 202 | I34: 169 | J34: 176 | K34: 211 | L34: =SUM(E34:K34) -> 1294
A35: 3 | B35: Jumlah surat suara dikembalikan oleh pemilih (karena rusak atau keliru coblos) | E35: 0 | F35: 0 | G35: 0 | H35: 0 | I35: 0 | J35: 1 | K35: 0 | L35: =SUM(E35:K35) -> 1
A36: 4 | B36: Jumlah surat suara yang tidak digunakan/tidak terpakai, termasuk sisa surat suara cadangan | E36: =E33-(E34+E35) -> 47 | F36: =F33-(F34+F35) -> 34 | G36: =G33-(G34+G35) -> 51 | H36: =H33-(H34+H35) -> 60 | I36: =I33-(I34+I35) -> 47 | J36: =J33-(J34+J35) -> 54 | K36: =K33-(K34+K35) -> 59 | L36: =SUM(E36:K36) -> 352
A38: III | B38: DATA PEMILIH DISABILITAS
B39: Jumlah seluruh Pemilih disabilitas yang menggunakan hak pilih | D39: LK | L39: =SUM(E39:K39) -> 0
D40: PR | L40: =SUM(E40:K40) -> 0
D41: JML | E41: =SUM(E39:E40) -> 0 | F41: =SUM(F39:F40) -> 0 | G41: =SUM(G39:G40) -> 0 | H41: =SUM(H39:H40) -> 0 | I41: =SUM(I39:I40) -> 0 | J41: =SUM(J39:J40) -> 0 | K41: =SUM(K39:K40) -> 0 | L41: =SUM(E41:K41) -> 0
A43: IV | B43: DATA RINCIAN PEROLEHAN SUARA PASANGAN CALON BUPATI DAN WAKIL BUPATI
A44: NOMOR DAN NAMA CALON
B45: 1 | C45: H. ANIES RASYID BASWEDAN, Ph.D. - Dr. (H.C.) H. A. MUHAIMIN ISKANDAR | E45: 57 | F45: 16 | G45: 24 | H45: 34 | I45: 35 | J45: 19 | K45: 32 | L45: =SUM(E45:K45) -> 217
B46: 2 | C46: H. PRABOWO SUBIANTO - GIBRAN RAKABUMING RAKA | E46: 96 | F46: 121 | G46: 88 | H46: 104 | I46: 68 | J46: 119 | K46: 153 | L46: =SUM(E46:K46) -> 749
B47: 3 | C47: H. GANJAR PRANOWO, S.H., M.I.P. - Prof. Dr. H. M. MAHFUD MD | E47: 56 | F47: 24 | G47: 47 | H47: 61 | I47: 65 | J47: 33 | K47: 24 | L47: =SUM(E47:K47) -> 310
A49: V | B49: DATA SUARA SAH DAN TIDAK SAH
B50: A. | C50: JUMLAH SELURUH SUARA SAH | E50: =SUM(E45:E47) -> 209 | F50: =SUM(F45:F47) -> 161 | G50: =SUM(G45:G47) -> 159 | H50: =SUM(H45:H47) -> 199 | I50: =SUM(I45:I47) -> 168 | J50: =SUM(J45:J47) -> 171 | K50: =SUM(K45:K47) -> 209 | L50: =SUM(E50:K50) -> 1276
B51: B. | C51: JUMLAH SUARA TIDAK SAH | E51: 4 | F51: 0 | G51: 3 | H51: 3 | I51: 1 | J51: 5 | K51: 2 | L51: =SUM(E51:K51) -> 18
B52: C. | C52: JUMLAH SELURUH SUARA SAH DAN SUARA TIDAK SAH (V.A + V.B) | E52: =SUM(E50:E51) -> 213 | F52: =SUM(F50:F51) -> 161 | G52: =SUM(G50:G51) -> 162 | H52: =SUM(H50:H51) -> 202 | I52: =SUM(I50:I51) -> 169 | J52: =SUM(J50:J51) -> 176 | K52: =SUM(K50:K51) -> 211 | L52: =SUM(E52:K52) -> 1294

Sheet TUKANGKAYU
C2: Kecamatan | D2: BANYUWANGI
C3: Kabupaten | D3: BANYUWANGI
C4: Provinsi | D4: JAWA TIMUR
C9: Kelurahan | D9: TUKANGKAYU
A12: I | B12: DATA PEMILIH DAN PENGGUNAAN HAK PILIH | AD12: JUMLAH AKHIR
A13: A | B13: DATA PEMILIH | E13: TPS 001 | F13: TPS 002 | G13: TPS 003 | H13: TPS 004 | I13: TPS 005 | J13: TPS 006 | K13: TPS 007 | L13: TPS 008 | M13: TPS 009 | N13: TPS 010 | O13: TPS 011 | P13: TPS 012 | Q13: TPS 013 | R13: TPS 014 | S13: TPS 015 | T13: TPS 016 | U13: TPS 017 | V13: TPS 018 | W13: TPS 019 | X13: TPS 020 | Y13: TPS 021 | Z13: TPS 022 | AA13: TPS 023 | AB13: TPS 024 | AC13: TPS 025
B14: Jumlah Pemilih dalam Daftar Pemilih Tetap (DPT) | D14: LK | E14: 136 | F14: 143 | G14: 115 | H14: 142 | I14: 126 | J14: 133 | K14: 129 | L14: 113 | M14: 130 | N14: 111 | O14: 120 | P14: 120 | Q14: 132 | R14: 129 | S14: 134 | T14: 136 | U14: 132 | V14: 133 | W14: 124 | X14: 135 | Y14: 127 | Z14: 142 | AA14: 120 | AB14: 148 | AC14: 126 | AD14: =SUM(E14:AC14) -> 3236
D15: PR | E15: 151 | F15: 147 | G15: 121 | H15: 138 | I15: 142 | J15: 138 | K15: 125 | L15: 127 | M15: 137 | N15: 125 | O15: 128 | P15: 147 | Q15: 129 | R15: 140 | S15: 149 | T15: 143 | U15: 148 | V15: 143 | W15: 144 | X15: 145 | Y15: 133 | Z15: 153 | AA15: 126 | AB15: 129 | AC15: 139 | AD15: =SUM(E15:AC15) -> 3447
D16: JML | E16: =SUM(E14:E15) -> 287 | F16: =SUM(F14:F15) -> 290 | G16: =SUM(G14:G15) -> 236 | H16: =SUM(H14:H15) -> 280 | I16: =SUM(I14:I15) -> 268 | J16: =SUM(J14:J15) -> 271 | K16: =SUM(K14:K15) -> 254 | L16: =SUM(L14:L15) -> 240 | ... AC16: =SUM(AC14:AC15) -> 265 | AD16: =SUM(E16:AC16) -> 6683
A18: B | B18: PENGGUNA HAK PILIH
B19: 1. | C19: Jumlah pengguna hak pilih dalam Daftar Pemilih Tetap (DPT) | D19: LK | E19: 108 | F19: 93 | G19: 78 | H19: 105 | I19: 97 | J19: 105 | K19: 107 | L19: 80 | M19: 95 | N19: 71 | O19: 95 | P19: 93 | Q19: 97 | R19: 100 | S19: 93 | T19: 106 | U19: 96 | V19: 98 | W19: 87 | X19: 94 | Y19: 86 | Z19: 100 | AA19: 86 | AB19: 111 | AC19: 94 | AD19: =SUM(E19:AC19) -> 2375
D20: PR | E20: 125 | F20: 118 | G20: 96 | H20: 113 | I20: 112 | J20: 116 | K20: 112 | L20: 102 | M20: 109 | N20: 94 | O20: 102 | P20: 109 | Q20: 107 | R20: 115 | S20: 107 | T20: 123 | U20: 121 | V20: 115 | W20: 108 | X20: 112 | Y20: 102 | Z20: 123 | AA20: 97 | AB20: 109 | AC20: 108 | AD20: =SUM(E20:AC20) -> 2755
D21: JML | E21: =SUM(E19:E20) -> 233 | F21: =SUM(F19:F20) -> 211 | G21: =SUM(G19:G20) -> 174 | H21: =SUM(H19:H20) -> 218 | I21: =SUM(I19:I20) -> 209 | J21: =SUM(J19:J20) -> 221 | K21: =SUM(K19:K20) -> 219 | L21: =SUM(L19:L20) -> 182 | ... AC21: =SUM(AC19:AC20) -> 202 | AD21: =SUM(E21:AC21) -> 5130
B22: 2. | C22: Jumlah pengguna hak pilih dalam Daftar Pemilih Tambahan (DPTb) | D22: LK | E22: 0 | F22: 0 | G22: 1 | H22: 0 | I22: 1 | J22: 0 | K22: 0 | L22: 0 | M22: 0 | N22: 1 | O22: 0 | P22: 0 | Q22: 0 | R22: 0 | S22: 2 | T22: 0 | U22: 1 | V22: 0 | W22: 7 | X22: 0 | Y22: 1 | Z22: 0 | AA22: 0 | AB22: 0 | AC22: 0 | AD22: =SUM(E22:AC22) -> 14
D23: PR | E23: 0 | F23: 0 | G23: 0 | H23: 0 | I23: 1 | J23: 0 | K23: 0 | L23: 0 | M23: 0 | N23: 0 | O23: 1 | P23: 0 | Q23: 0 | R23: 0 | S23: 0 | T23: 2 | U23: 1 | V23: 0 | W23: 9 | X23: 0 | Y23: 1 | Z23: 1 | AA23: 1 | AB23: 0 | AC23: 0 | AD23: =SUM(E23:AC23) -> 17
D24: JML | E24: =SUM(E22:E23) -> 0 | F24: =SUM(F22:F23) -> 0 | G24: =SUM(G22:G23) -> 1 | H24: =SUM(H22:H23) -> 0 | I24: =SUM(I22:I23) -> 2 | J24: =SUM(J22:J23) -> 0 | K24: =SUM(K22:K23) -> 0 | L24: =SUM(L22:L23) -> 0 | ... AC24: =SUM(AC22:AC23) -> 0 | AD24: =SUM(E24:AC24) -> 31
B25: 3. | C25: Jumlah pengguna hak pilih dalam Daftar Pemilih Khusus (DPK) | D25: LK | E25: 1 | F25: 2 | G25: 7 | H25: 1 | I25: 3 | J25: 0 | K25: 2 | L25: 0 | M25: 2 | N25: 0 | O25: 2 | P25: 6 | Q25: 1 | R25: 0 | S25: 0 | T25: 2 | U25: 3 | V25: 1 | W25: 4 | X25: 1 | Y25: 1 | Z25: 8 | AA25: 2 | AB25: 3 | AC25: 2 | AD25: =SUM(E25:AC25) -> 54
D26: PR | E26: 5 | F26: 3 | G26: 4 | H26: 0 | I26: 1 | J26: 1 | K26: 2 | L26: 2 | M26: 1 | N26: 0 | O26: 3 | P26: 4 | Q26: 2 | R26: 1 | S26: 2 | T26: 2 | U26: 7 | V26: 1 | W26: 6 | X26: 3 | Y26: 1 | Z26: 10 | AA26: 3 | AB26: 1 | AC26: 1 | AD26: =SUM(E26:AC26) -> 66
D27: JML | E27: =SUM(E25:E26) -> 6 | F27: =SUM(F25:F26) -> 5 | G27: =SUM(G25:G26) -> 11 | H27: =SUM(H25:H26) -> 1 | I27: =SUM(I25:I26) -> 4 | J27: =SUM(J25:J26) -> 1 | K27: =SUM(K25:K26) -> 4 | L27: =SUM(L25:L26) -> 2 | ... AC27: =SUM(AC25:AC26) -> 3 | AD27: =SUM(E27:AC27) -> 120
B28: 4. | C28: Jumlah Pengguna Hak Pilih (B.1+B.2+B.3) | D28: LK | E28: =SUM(E19,E22,E25) -> 109 | F28: =SUM(F19,F22,F25) -> 95 | G28: =SUM(G19,G22,G25) -> 86 | H28: =SUM(H19,H22,H25) -> 106 | I28: =SUM(I19,I22,I25) -> 101 | J28: =SUM(J19,J22,J25) -> 105 | K28: =SUM(K19,K22,K25) -> 109 | L28: =SUM(L19,L22,L25) -> 80 | ... AC28: =SUM(AC19,AC22,AC25) -> 96 | AD28: =SUM(E28:AC28) -> 2443
D29: PR | E29: =SUM(E20,E23,E26) -> 130 | F29: =SUM(F20,F23,F26) -> 121 | G29: =SUM(G20,G23,G26) -> 100 | H29: =SUM(H20,H23,H26) -> 113 | I29: =SUM(I20,I23,I26) -> 114 | J29: =SUM(J20,J23,J26) -> 117 | K29: =SUM(K20,K23,K26) -> 114 | L29: =SUM(L20,L23,L26) -> 104 | ... AC29: =SUM(AC20,AC23,AC26) -> 109 | AD29: =SUM(E29:AC29) -> 2838
D30: JML | E30: =SUM(E28:E29) -> 239 | F30: =SUM(F28:F29) -> 216 | G30: =SUM(G28:G29) -> 186 | H30: =SUM(H28:H29) -> 219 | I30: =SUM(I28:I29) -> 215 | J30: =SUM(J28:J29) -> 222 | K30: =SUM(K28:K29) -> 223 | L30: =SUM(L28:L29) -> 184 | ... AC30: =SUM(AC28:AC29) -> 205 | AD30: =SUM(E30:AC30) -> 5281
A32: II | B32: DATA PENGGUNAAN SURAT SUARA
A33: 1 | B33: Jumlah surat suara yang diterima, termasuk surat suara cadangan 2,5% dari DPT | E33: 293 | F33: 296 | G33: 241 | H33: 287 | I33: 276 | J33: 277 | K33: 260 | L33: 246 | M33: 273 | N33: 241 | O33: 253 | P33: 273 | Q33: 268 | R33: 267 | S33: 289 | T33: 285 | U33: 286 | V33: 282 | W33: 274 | X33: 286 | Y33: 266 | Z33: 301 | AA33: 253 | AB33: 283 | AC33: 273 | AD33: =SUM(E33:AC33) -> 6829
A34: 2 | B34: Jumlah surat suara yang digunakan | E34: 239 | F34: 216 | G34: 186 | H34: 219 | I34: 215 | J34: 222 | K34: 223 | L34: 184 | M34: 207 | N34: 166 | O34: 203 | P34: 212 | Q34: 207 | R34: 216 | S34: 204 | T34: 235 | U34: 229 | V34: 215 | W34: 221 | X34: 210 | Y34: 192 | Z34: 242 | AA34: 189 | AB34: 224 | AC34: 205 | AD34: =SUM(E34:AC34) -> 5281
A35: 3 | B35: Jumlah surat suara dikembalikan oleh pemilih (karena rusak atau keliru coblos) | E35: 0 | F35: 0 | G35: 0 | H35: 0 | I35: 0 | J35: 2 | K35: 1 | L35: 0 | M35: 1 | N35: 0 | O35: 0 | P35: 0 | Q35: 0 | R35: 0 | S35: 0 | T35: 0 | U35: 0 | V35: 0 | W35: 0 | X35: 2 | Y35: 1 | Z35: 0 | AA35: 0 | AB35: 6 | AC35: 0 | AD35: =SUM(E35:AC35) -> 13
A36: 4 | B36: Jumlah surat suara yang tidak digunakan/tidak terpakai, termasuk sisa surat suara cadangan | E36: =E33-(E34+E35) -> 54 | F36: =F33-(F34+F35) -> 80 | G36: =G33-(G34+G35) -> 55 | H36: =H33-(H34+H35) -> 68 | I36: =I33-(I34+I35) -> 61 | J36: =J33-(J34+J35) -> 53 | K36: =K33-(K34+K35) -> 36 | L36: =L33-(L34+L35) -> 62 | ... AC36: =AC33-(AC34+AC35) -> 68 | AD36: =SUM(E36:AC36) -> 1535
A38: III | B38: DATA PEMILIH DISABILITAS
B39: Jumlah seluruh Pemilih disabilitas yang menggunakan hak pilih | D39: LK | E39: 0 | F39: 0 | G39: 1 | H39: 1 | I39: 0 | J39: 1 | K39: 0 | L39: 0 | M39: 3 | N39: 0 | O39: 0 | P39: 1 | Q39: 5 | R39: 0 | S39: 0 | T39: 0 | U39: 0 | V39: 1 | W39: 1 | X39: 0 | Y39: 0 | Z39: 0 | AA39: 0 | AB39: 0 | AC39: 0 | AD39: =SUM(E39:AC39) -> 14
D40: PR | E40: 0 | F40: 0 | G40: 0 | H40: 0 | I40: 0 | J40: 0 | K40: 0 | L40: 0 | M40: 4 | N40: 0 | O40: 0 | P40: 1 | Q40: 2 | R40: 1 | S40: 0 | T40: 0 | U40: 0 | V40: 0 | W40: 4 | X40: 0 | Y40: 0 | Z40: 0 | AA40: 0 | AB40: 0 | AC40: 0 | AD40: =SUM(E40:AC40) -> 12
D41: JML | E41: =SUM(E39:E40) -> 0 | F41: =SUM(F39:F40) -> 0 | G41: =SUM(G39:G40) -> 1 | H41: =SUM(H39:H40) -> 1 | I41: =SUM(I39:I40) -> 0 | J41: =SUM(J39:J40) -> 1 | K41: =SUM(K39:K40) -> 0 | L41: =SUM(L39:L40) -> 0 | ... AC41: =SUM(AC39:AC40) -> 0 | AD41: =SUM(E41:AC41) -> 26
A43: IV | B43: DATA RINCIAN PEROLEHAN SUARA PASANGAN CALON BUPATI DAN WAKIL BUPATI
A44: NOMOR DAN NAMA CALON
B45: 1 | C45: H. ANIES RASYID BASWEDAN, Ph.D. - Dr. (H.C.) H. A. MUHAIMIN ISKANDAR | E45: 22 | F45: 22 | G45: 53 | H45: 42 | I45: 28 | J45: 53 | K45: 35 | L45: 62 | M45: 44 | N45: 37 | O45: 38 | P45: 56 | Q45: 35 | R45: 59 | S45: 47 | T45: 54 | U45: 56 | V45: 64 | W45: 73 | X45: 42 | Y45: 55 | Z45: 55 | AA45: 37 | AB45: 18 | AC45: 42 | AD45: =SUM(E45:AC45) -> 1129
B46: 2 | C46: H. PRABOWO SUBIANTO - GIBRAN RAKABUMING RAKA | E46: 172 | F46: 147 | G46: 104 | H46: 138 | I46: 123 | J46: 134 | K46: 148 | L46: 106 | M46: 134 | N46: 94 | O46: 136 | P46: 116 | Q46: 111 | R46: 107 | S46: 117 | T46: 147 | U46: 133 | V46: 117 | W46: 104 | X46: 126 | Y46: 101 | Z46: 136 | AA46: 120 | AB46: 159 | AC46: 138 | AD46: =SUM(E46:AC46) -> 3168
B47: 3 | C47: H. GANJAR PRANOWO, S.H., M.I.P. - Prof. Dr. H. M. MAHFUD MD | E47: 40 | F47: 43 | G47: 29 | H47: 36 | I47: 58 | J47: 32 | K47: 36 | L47: 14 | M47: 26 | N47: 33 | O47: 28 | P47: 35 | Q47: 56 | R47: 48 | S47: 37 | T47: 31 | U47: 37 | V47: 31 | W47: 41 | X47: 36 | Y47: 31 | Z47: 43 | AA47: 28 | AB47: 39 | AC47: 22 | AD47: =SUM(E47:AC47) -> 890
A49: V | B49: DATA SUARA SAH DAN TIDAK SAH
B50: A. | C50: JUMLAH SELURUH SUARA SAH | E50: =SUM(E45:E47) -> 234 | F50: =SUM(F45:F47) -> 212 | G50: =SUM(G45:G47) -> 186 | H50: =SUM(H45:H47) -> 216 | I50: =SUM(I45:I47) -> 209 | J50: =SUM(J45:J47) -> 219 | K50: =SUM(K45:K47) -> 219 | L50: =SUM(L45:L47) -> 182 | ... AC50: =SUM(AC45:AC47) -> 202 | AD50: =SUM(E50:AC50) -> 5187
B51: B. | C51: JUMLAH SUARA TIDAK SAH | E51: 5 | F51: 4 | G51: 0 | H51: 3 | I51: 6 | J51: 3 | K51: 4 | L51: 2 | M51: 3 | N51: 2 | O51: 1 | P51: 5 | Q51: 5 | R51: 2 | S51: 3 | T51: 3 | U51: 3 | V51: 3 | W51: 3 | X51: 6 | Y51: 5 | Z51: 8 | AA51: 4 | AB51: 8 | AC51: 3 | AD51: =SUM(E51:AC51) -> 94
B52: C. | C52: JUMLAH SELURUH SUARA SAH DAN SUARA TIDAK SAH (V.A + V.B) | E52: =SUM(E50:E51) -> 239 | F52: =SUM(F50:F51) -> 216 | G52: =SUM(G50:G51) -> 186 | H52: =SUM(H50:H51) -> 219 | I52: =SUM(I50:I51) -> 215 | J52: =SUM(J50:J51) -> 222 | K52: =SUM(K50:K51) -> 223 | L52: =SUM(L50:L51) -> 184 | ... AC52: =SUM(AC50:AC51) -> 205 | AD52: =SUM(E52:AC52) -> 5281
